Date,GLI_Open,GLI_High,GLI_Low,GLI_Close,TotalVolume,Divisor,SumOpen,SumHigh,SumLow,SumClose,RosterCount,Status
2025-12-31,371.655053023533800129111474040103910721106218404428872602960191508507497642219689136292793761084974749376425488730685071762592637810724702221040385256048156474461723365666372530757,371.655053023533800129111474040103910721106218404428872602960191508507497642219689136292793761084974749376425488730685071762592637810724702221040385256048156474461723365666372530757,371.655053023533800129111474040103910721106218404428872602960191508507497642219689136292793761084974749376425488730685071762592637810724702221040385256048156474461723365666372530757,371.655053023533800129111474040103910721106218404428872602960191508507497642219689136292793761084974749376425488730685071762592637810724702221040385256048156474461723365666372530757,0,32.4964633246496845751608628665930790194654920886196520704920580427928554117171247166074213377273152412534477527122572646232771548256802606751923623547145035295591622694621176208587,12077.4748,12077.4748,12077.4748,12077.4748,86,SUPERSEDING_BIG_OTC_REPAIR_OPENING_CARRY_FLAT_OHLC
2026-01-02,371.56456267860581292436263226801451563655833595378461727318492868495273960628620848566034633145560386327194825744206952595738515135965405617440506872235895347463799069533335910067407241296869832234489026894757822489905985374921680905451488445209211689390026818560950793547766081664740134586658252549632555676843545152550,377.47462624317720651979259424957500220489021457119675609063238004838895151520715150007824071462528385408063691633833357147110124798831373576321970364679106959344852205378787048701062756051379028042916380394208271971442848239711167086120915908335257134628887555202661753342795878651371243929823010598840563301972076211301,367.63407569980340791006561446911606747826154351517814965386201417155523068998893789222636682903671302784430594752582025708647481847151866584744063834903390223644419130491369350553880175740657299645961720829149981740238471945541639060038430603886580004934037333467406973702164676187554700913068998928119170234339447710522,375.34643015892313036800295578252588192207417692030153055299523388167855589770325698406003381142651823562001876767815857162321511048088833195064660616142213542989463059431354991800723470548706045229432153224405796162915565501809460866781285241926138649228712848648840644299228103005205037185090924632282544188367051194703,222385260,32.561003430418409486176873053504572023651394496411878177394861640739080836511308321882097172186419097850300525858228306256709521478242908483138622774683327132641837634667639391726028064128383398660167899188857275294866902838201346365462173138525345282399607714600642437195417723745685879917227881921829245543740570010240,12098.515,12290.9526,11970.5344,12221.6564,86,SUPERSEDING_BIG_OTC_REPAIR_EXACT_COMPONENT_OHLCV
2026-01-05,375.06322635595355140370025271713345408655130828401317371996878828059648729730019862169658108043755928442106782670224737095712812117395703386045895429665060265470932671467229253744285181188816393311146540534354473920301542375884663386683584962568827036177614270353358422944727937581650040604663904243132133531089525048540,382.60500560501044842020422782850278840356350306888267096951385635290235341924677892653447162831787819826591402993369423738192079706108635438460846243674096674079464831284136971710436855471097237026652964164373513064080639450269329700458196144703549632400925600846887395895594011880406746777060566796359959910404095477902,371.44106525603426511912112560237198513010545901967019424664167678707701420060585861614639876147134965734213049399483438594410419603822432360882255568978046348444396983507207294252824284419274764015235917842710822818600969143653428538605599346691498103149710156599819825482721123864783965975179845607583312914514959002171,377.55593209131107592683436405625510646799161375436957105145765734731369921216282598643833839610750671909073329228337741651018410910388945296060435126502649543649031326672324524456447702426017118941165773722120423401108962637630881706902745552218397864504947195022753982155509803180813270145491107884902397555857033232885,288637375,32.561003430418409486176873053504572023651394496411878177394861640739080836511308321882097172186419097850300525858228306256709521478242908483138622774683327132641837634667639391726028064128383398660167899188857275294866902838201346365462173138525345282399607714600642437195417723745685879917227881921829245543740570010240,12212.435,12458.0029,12094.4938,12293.60,86,SUPERSEDING_BIG_OTC_REPAIR_EXACT_COMPONENT_OHLCV
2026-01-06,376.99329586791737360115436750931111987736774390632017538691165745447492237140285144911228660009847034869526392335038533329042207252560617916137237107084616702199850431417506002193742593301286734573243052320327336945477750140569949452190278610601309653704019403409261668995583171258318933515906587172283100436588775180690,385.70531853657365115960202670494452342173305680532878765941306524930789571897008119514193890838638339837308411537186550957497340400170271310408493286339862106465152437689554627248032236008823337086998226065624250786066545213356621513148966781781477141945442813239486960981228861546845106341655682334381857159546066050256,373.50175727811479554428169024790457252393725726412368552277925375267061770588320160197668744154632368507516994871861655834018700623129019489897688175228867920612815626847101626702816369192121245178366457381196492043980260268162468462144398806587783123346264398008976100917750910451069278075849153240988028893024449784674,383.23849652441897665393970035980564352383957434304750117214250233486603976051534174197542157381231019148558576682876634435694009316937821666540202022404320758351102344630789108204181648121419602725014461936630022835454145995231250371185897698908831052419123800697483474327013963392972084290912063030271762593336149259796,302781515,32.561003430418409486176873053504572023651394496411878177394861640739080836511308321882097172186419097850300525858228306256709521478242908483138622774683327132641837634667639391726028064128383398660167899188857275294866902838201346365462173138525345282399607714600642437195417723745685879917227881921829245543740570010240,12275.280,12558.9522,12161.5920,12478.63,86,SUPERSEDING_BIG_OTC_REPAIR_EXACT_COMPONENT_OHLCV
2026-01-07,384.06772465486339038999443544527295301838868994524497429662799742802070100991161316637891838157115225037548045546824520587305280433924380259423188273675968997191091905893219649162183296987845808816172657382508859398920907715010137296538011639942029557103105334208620347483100317168652613516560203879239563322096985444613,387.51938118136361790974221950166522848390519419744818112528117430335991639565992551710777022231230903241284754568427252234789578653418431418437395232386725560005970252462646550143863400944160216982794926549723453327396081459560449909529268867829047926437030819787075788185868539866034135868036028283033616637359203701250,376.11936420113660146140742731828926391287215559889006492977617103621016391353521032728872961843917057864506999619213399293162268764684012887250038647762710097652945143207163244944359222560191836249522476464746619723429870075728708290841826113120628103187130928620242657242603340410257424664486561688743355662762957862948,379.77530472687580838127022379778934178302621826142686241054153738312124333866498537180226487201323888648312379151605606792263517751707945192902678842291085312607822669226334377693891560279325934991672938249404290137680318329746639616464468622544739726275407382473771238958342925242600181146668384576832947901880698407930,290073780,32.561003430418409486176873053504572023651394496411878177394861640739080836511308321882097172186419097850300525858228306256709521478242908483138622774683327132641837634667639391726028064128383398660167899188857275294866902838201346365462173138525345282399607714600642437195417723745685879917227881921829245543740570010240,12505.6305,12618.0199,12246.823908,12365.865,86,SUPERSEDING_BIG_OTC_REPAIR_EXACT_COMPONENT_OHLCV
2026-01-08,379.28652986359465267640138400277768530978501255008919144977463845874738234408556426036426736472700450685190681517497697379367705458348893323280533837976784402582510772502511409254525985173143597650480973924885284072469629867533943901572383936829942796024992353462031965947906467855059454785055743632051376655179847630077,389.62435092366493066420931495405567138839967693995946230661847347351153143032036652748912203981658000224092787742026298498219791232276866852500564329409463193004301735571811829299578976102382183075422666482935486568684252318944679258504193024039139060616368655715365922500921850733159736625877560960401168018445911218605,376.22525749792544963113046348935315530002163039392912234550702754617244338060538860921579992325493418851584593616626091645810051210238751434158125295435702559064192093719797100086919345828370375204448810576333669539392271023184958529888615285070245045641805557497967783355587707860579984782857475156726327371949925347463,384.90429285394268921643331459049569989258622830364789532306908717043237468643351962977919064671242660689225926960854203179361546784219943778277880001292645066222476348922347877173857106379531359992581264320655873511640889629023681897039580465316778102034902368764812121689789378990722400276797444186431481958917132902040,367942163,32.561003430418409486176873053504572023651394496411878177394861640739080836511308321882097172186419097850300525858228306256709521478242908483138622774683327132641837634667639391726028064128383398660167899188857275294866902838201346365462173138525345282399607714600642437195417723745685879917227881921829245543740570010240,12349.95,12686.559827,12250.2719,12532.87,86,SUPERSEDING_BIG_OTC_REPAIR_EXACT_COMPONENT_OHLCV
2026-01-09,385.90241627079165134603851763503854213039281715051582950200896391264148841170726943685577092865096815351975462678023140981948578512334291868603531928764485980186135419757068209689322984818116615948077937903607691679224178064078637619093949816654068481038336524914960768908685228497037988985545234904923287243739478780361,391.69693671311130984923740521654921066645149035622865410716629732865204277530576833531689281908346492201939116450838940645277673251538593164343780596499481262585741592495113330612654773147180680627156230856873058355422724141123806667174686387196135611295039076845656868192122925313748186707358330786116556474398755260222,381.86875986703037819731700134268218271915482569550366674862986067435242365255164827228426927566804042512980335119495374001188622682705103263452067106135529015521764575615237465577852585141727977495395531393511742657445564613004681032700366940174378637441218739995771495846026972220565922944343612841834279719918828292625,386.86814510857753065833328070372349588262134606748624716637661790992885858831106175801687525892846540082993878906379196418923137553861450017862426799965467667012207372233994733401112284051014400958411860740915721104427857576246522230813754269460530535821267298750656488754734665032049119081798868839360803219122599063701,319909828,32.561003430418409486176873053504572023651394496411878177394861640739080836511308321882097172186419097850300525858228306256709521478242908483138622774683327132641837634667639391726028064128383398660167899188857275294866902838201346365462173138525345282399607714600642437195417723745685879917227881921829245543740570010240,12565.3699,12754.0453,12434.0300,12596.815,86,SUPERSEDING_BIG_OTC_REPAIR_EXACT_COMPONENT_OHLCV
2026-01-12,384.74781733220737735238639415344986956075060511173677791527095019150150307051255509551738748619572134995094287033378249773222422459076093996579807189669562242686254915444001787057684566457012898374871407784815134588964334029513332108703541060991558687436432289245647115477120785078709509326356940486672520669333248663695,390.40041647256608400966826033522894112989159464087640042952034037035063430862874404122537520880412652613428554884926310813370063337844233520739101143019586369866384568800931085206404108171491840868254780101991330443399638740521945061449636648456281518984610861579156627629703032649755900444154409707551455771764873462620,381.19175370390315253862214086883757352681243557921540921428204289936672514394286668381180826086328072267359555814042985996295422167794205405208236476220075087743066777853380505711124689415288976007620791628743983137982464665984698364198699469636983093450519370426076893047775029368422320703346427634998188744419651536570,387.21134706253083980077181571530095495195659418713428191262670245154858190684232351864016285829533119991123628894513402368600215931385006702941124281788421651902742115927913782870903436757772936935232439915279861528979459769368246450527269430404047856721400595880475295744418165500619980159191861638756529784814205232376,283566873,32.561003430418409486176873053504572023651394496411878177394861640739080836511308321882097172186419097850300525858228306256709521478242908483138622774683327132641837634667639391726028064128383398660167899188857275294866902838201346365462173138525345282399607714600642437195417723745685879917227881921829245543740570010240,12527.775,12711.8293,12411.9860,12607.99,86,SUPERSEDING_BIG_OTC_REPAIR_EXACT_COMPONENT_OHLCV
2026-01-13,387.75513865783096266427729010715734164236175188787128078788419658378441805603623253325315431685725268401442072311954073887827260278927118925641567153569178022199454812638608034104000467559119386202545135580237420473780346955194474136312267553518020797337414894765136008915912200366628414190489134185661904861813867222625,392.36289284822668757688534086738124090817671516840511182928138307517467404006599976884776467252337466344567047072109611665768742867099784025246106496754094130519820651932042140680587765567289432626936938961059414721370161178430790685437721016161533694194779202692556282737333102431616203396582190443637393101566728754737,384.02840154239432398945946450757060146649814393250248269133953136564129217438164202022213471783698357304718575132076687272051004715393627509573097512537167182224305267340584843708850650306061532283971334607470108977430679388021078589515509551729625719719492951352027150551460393148115555611749357849539120991535189455110,388.40879173229724011072067299506875174062606391286823043667957012741014899315408155413922178440844954498325324826267558071321404829787107387613913079665555958021932241800477875830463895386499793675807538823534520412173164220653289020848651392971024208773510692239487557053545889613271229447590729035924405449229824449045,279967427,32.561003430418409486176873053504572023651394496411878177394861640739080836511308321882097172186419097850300525858228306256709521478242908483138622774683327132641837634667639391726028064128383398660167899188857275294866902838201346365462173138525345282399607714600642437195417723745685879917227881921829245543740570010240,12625.6964,12775.7295,12504.3501,12646.98,86,SUPERSEDING_BIG_OTC_REPAIR_EXACT_COMPONENT_OHLCV
2026-01-14,388.33539104594838920687923239751437794414183635081375141712362363484002472189773116417146721058412656871441199325449593666871452496697058127896858316215277656107983424133501005295239316940562963007375407605308970870184495121097616096906903393375163102731656979905080292095074867394669368821970318002280860013401678525871,392.72668691941719526787018797965334752167207817523202866030647268929158075770913723510844952785225241047184582059531869972426445947274754111429525827486425354503787480247596333118538442936062557185597409190068887353651380223407721486886394804343695454148776206751996238896176566507722556130507045251423040766497551913211,383.72404667135426234002052707417160575079172403178445234334731992797635973062534160197132107680919146964892478008371202316176748390642289782074359265144446261806972975306481293628339362813090487087792827865895953975554951609372964857650530157219565343974313529161686849584376150027693992191019711954198213337278135169272,389.17658133845676839358093029166261990468702167494437080860369661872944053349247475463874661520680703733514922115158399122053123795164191694277665835421605141222233681831616688961804868637316537556725321517272396223475010529166355845746038943017925809030135404214157507126894747976532947688454753504922829987680470939504,304877745,32.561003430418409486176873053504572023651394496411878177394861640739080836511308321882097172186419097850300525858228306256709521478242908483138622774683327132641837634667639391726028064128383398660167899188857275294866902838201346365462173138525345282399607714600642437195417723745685879917227881921829245543740570010240,12644.59,12787.575,12494.440,12671.98,86,SUPERSEDING_BIG_OTC_REPAIR_EXACT_COMPONENT_OHLCV
2026-01-15,390.35536257847664289003002043706481294602449763939777251249583262784001828104168712822006309173287890848307629316014196260513126068955906213624072131311821403796190880299903859651915467779737273206962519049301308168504200704075202628002526099431164903585882489629065478416896970304384506429032459721670676097696599870457,395.72695993645623611012442677137808789353714535911067256430545560038418464689250822326363072056705482275553326834995676166185566587023617406556112541088200602515208610222716725860388189900303764518679721146374008602134060317996869632848925923470219491943485211867577744263013228360510121109995873403782293933954389913178,385.95420214414789920966087626917920535032240062965234101781450239622799198752001338144306287943865576966390530635964250429138331493111045450919388724634719985494629351284288460357371647953504605792876022141882660910181925492545974265071091477538865879191623957972695961992956192263919759636721756759704884468673234235317,391.84296108272757821429803183127380526483791579108239109222180309778307619477964666133349644760334293677481355580018511923034237418125730074459546405611212744640240522771755559204382248433542591331450671521634654100805890534429369995573944037305098218805633171574090627827067177070037338011713007151199680164110480419820,255595275,32.561003430418409486176873053504572023651394496411878177394861640739080836511308321882097172186419097850300525858228306256709521478242908483138622774683327132641837634667639391726028064128383398660167899188857275294866902838201346365462173138525345282399607714600642437195417723745685879917227881921829245543740570010240,12710.3623,12885.2669,12567.0561,12758.80,86,SUPERSEDING_BIG_OTC_REPAIR_EXACT_COMPONENT_OHLCV
2026-01-16,391.32685290946714330255936687650340708495613998341480953421440527031824842136417875195771585634068703041586908282426088568732375929599254003520171803191996483692997894782824049017435025023149577552142221526073983191465069873448961958928910204444538176827535440311996463235681734390770994049982197384536977748919147775488,395.22832358347356742399052983164897977759674070627689565660156319535581867176898078955841731635404633949254854013309252790834156095273262266099178296378968996780872041803133810505065287929575909165880185309466733655514050398195688120834151162847468518689017522784081467809845732133117751700453168394373909317454641225486,386.96609356421451400043432944756456883204693057110982454590372257467944324869511125539100064064307346284425486211717578793447084405712535417032135066522778373411436227541647174070013640770169667566256636249345988286485288112749150143495234938836452452450804456306838125544350747925695542066845955010659975033823458544134,391.24224249486836328578816652241876281327662243803401886522836653097486249361888782126266821998670803475869014661190317884941740499614699312925826249507679863704324676091392551810368694984228011300847199872180898240786976246922302089860914025959299293246865268841685446352121868995479465187714460923568376929441850967139,306000436,32.561003430418409486176873053504572023651394496411878177394861640739080836511308321882097172186419097850300525858228306256709521478242908483138622774683327132641837634667639391726028064128383398660167899188857275294866902838201346365462173138525345282399607714600642437195417723745685879917227881921829245543740570010240,12741.995,12869.0308,12600.0043,12739.24,86,SUPERSEDING_BIG_OTC_REPAIR_EXACT_COMPONENT_OHLCV
2026-01-20,386.95843716626189118439764696180293477871491470030640127411489518530800727345485679839561937903035224193052175547552759326489187704189795132326084124042379050956562821581656657825435348850678464169920632103545593056961044479443092799229615792954645122851274415965519880293258187865685321283668061874706543651605848575354,392.10283483072439375219774311845193182232762816481230232390696219129991680243798260790657061708366299721115978574389394893475402336336911799736026800851962711678046551179095113284961817673004210053138878983167743304771223725557627872500292398393339208027561130287597083280500046503909135090362010620486209455141750103907,381.74976783386777450403931866685606503108865846153710651378905955072775984963000409407085291739091098096510651331663071455146220877450962737605318704048456513109381858439211572318738452660730454311392608229459828226304005956618314960233226241143438570026592265871198199309563368098417436597314342012354416706927269058834,386.35971483137869102942321832191903638438017983743942701208846134737722373029897778064608991597379306939451327581675681475128593254988744789989689725103811897896967758645374611345655119536315035799633082649418263615364192253800571514068924811671156946825219367786013749638694325809359696639468628176122605819398038967020,316708783,32.561003430418409486176873053504572023651394496411878177394861640739080836511308321882097172186419097850300525858228306256709521478242908483138622774683327132641837634667639391726028064128383398660167899188857275294866902838201346365462173138525345282399607714600642437195417723745685879917227881921829245543740570010240,12599.755,12767.26175,12430.1555,12580.26,86,SUPERSEDING_BIG_OTC_REPAIR_EXACT_COMPONENT_OHLCV
2026-01-21,389.29921269435256825091937058707459252785083784870317194880741810192295777831532291662253072118192069601359404594140044254675993948314219599738000425570961316762985827833390180195230717973954725750401008522460233216575983763014889890591029254286097099339606817711392333015342385503511398545735927076219558077194234683999,397.39638554602509627004885880948855974958586234217577966467889602794486655837854246865470500738036861015995479524190048804232628831317559765644645546152763294391635783397187485508656534303471294567978553740628966143703967926311388347289633120617820057806766985792797525524737039700379902024349707166788971856869283009663,386.34066750682908545178202105890513570296615559727784212174176761738057474576626292212809770397134741672424744052132877490342040770895670082509975346739015829760134680521082119669476064335203048192581259361862212657962988483409259464495230366235830972714669399355035574639220776166384452827916144907176262204266163484284,394.24460697079458268308491665501942488202059167085655817560047076262982013295814059249601011834060517285154415899669062729723054341825249785703765025616134589690783427189157766679162520589909286098952485178631783844085020329693026245040390716582614172590932076885846157684644372984624116081947195860197611273533959845923,307680226,32.561003430418409486176873053504572023651394496411878177394861640739080836511308321882097172186419097850300525858228306256709521478242908483138622774683327132641837634667639391726028064128383398660167899188857275294866902838201346365462173138525345282399607714600642437195417723745685879917227881921829245543740570010240,12675.973,12939.625073,12579.6398,12837.00,86,SUPERSEDING_BIG_OTC_REPAIR_EXACT_COMPONENT_OHLCV
2026-01-22,395.74056823943580758940984197170291761287696177448571007625743881831632777015346590434928429866812491094997827257343977432968735573965960848807420894931220818238250752945828630184317852417508201550485205068538555428941235173514980983990711250270516796893200832222977130850457382640850803517128869918422760359662325146315,400.24472918501006430798125537644118581052416438992917995411313446699181966239461577575969676606360930408314080792893207372981291712454088225419660061298507746564499120744501363537995858965810264406691971128178208087232211690774284520697482884876365060490557267286536621315587550991861064999330912069270489425949510976506,391.30827240099808271811414864992583547538586480557256693721384140922832156608798963650562735543536677910095320028034930215304668330637128563298908986502700093459550599934070489739646253965692592715088474977216141679279151773053307111381796118583339777884557552000528846677932205590209189808414889436458882853830728959257,394.89845659940003696876871176879876301053490330104059931633105688263732880871031624204140546424848641333841876950888502968526186212740374781258616872417986074104160133519675579941921596723973959666957235092999728632265285319605355024075054079700130887293751320210179497582614146291694582624680319227018465150509001177796,258660964,32.561003430418409486176873053504572023651394496411878177394861640739080836511308321882097172186419097850300525858228306256709521478242908483138622774683327132641837634667639391726028064128383398660167899188857275294866902838201346365462173138525345282399607714600642437195417723745685879917227881921829245543740570010240,12885.71,13032.37,12741.390,12858.29,86,SUPERSEDING_BIG_OTC_REPAIR_EXACT_COMPONENT_OHLCV
2026-01-23,394.17780927505870372247607427021575835174728834555593396324307175788504176894870038405255145806114807101692920935535559558309394791837443451024018535865358310752357201906448689936825777327274737033702561905457592620597741240276029721182656237080633400441212891584226119544152889538954142192522945449880512866284302607216,397.10156130878946133794732837873276744690938423503502141321460852634679978605578575227314800803926298218285729686799348969588389392620965015811268994817462672969303489162305664006616337261898359506207369006653982891974239556075344120587979632846533102576574259991148749812065300368420186497993488607741090568412368290262,387.69184208269917115263829049562614315091656652996572377562277159584005566145073539780397348980623609234493041911457912951604937367421432095400207376384649327536421961922440950349441152693231695893873589476854177494353357106465816244898605686440032909300856180548230984533595267414530165603926640326996908490413638302410,391.35602891450120537730805665377397407519045637837370286834752207698838149989703769357669779991102461512524112979403940528660181250283583207173394407910726352654609349504007323916578279533811147313010020410636035858996502107712386447664715870524238408728073564762049408252173694000729181387343891014036250477507694964877,232217269,32.561003430418409486176873053504572023651394496411878177394861640739080836511308321882097172186419097850300525858228306256709521478242908483138622774683327132641837634667639391726028064128383398660167899188857275294866902838201346365462173138525345282399607714600642437195417723745685879917227881921829245543740570010240,12834.825,12930.0253,12623.6354,12742.945,86,SUPERSEDING_BIG_OTC_REPAIR_EXACT_COMPONENT_OHLCV
2026-01-26,391.87158427924520542868306222329082466999410829645258960528713453337945938340346195984811873329550570408969223766948362477405515901154987777411971108345798258189947760456116414157887358044181142807964918288968884813588665702527778400425575318738391527724867188911071425650839891116726140092937643869572445278262911774670,395.36171934964772386785467093435919843242069150786000428481966093195763238398737322421320476045695297021376694646281147514988284948317876893538938700164024981870092413994143867898455164543304510014195158115365054549363798769503710863732647630935031989035906062422871535259895786525528274701880345759972482065219270620072,387.18952033960693673074666432087338446778866927987398139413364338365335708693358367673636236640539549311865659022784813539210014624637266950271287118447788685722723946590708568691094840096712495241176226126536541964300315971859270654088304610870716982129764400273081384245845559767025371034581591272258749663368756755759,391.56747817203753946640777151325592536757284414604947192677542651269771439010623118099426693831289226851895328072764478154031696653348432225228591916845942297707972366088582953052858344773309713099662870597650521406496570732751588765964871699712494159785276900657355060250402253030781807164393085520789886150194060831600,253105623,32.561003430418409486176873053504572023651394496411878177394861640739080836511308321882097172186419097850300525858228306256709521478242908483138622774683327132641837634667639391726028064128383398660167899188857275294866902838201346365462173138525345282399607714600642437195417723745685879917227881921829245543740570010240,12759.732,12873.3743,12607.2793,12749.83,86,SUPERSEDING_BIG_OTC_REPAIR_EXACT_COMPONENT_OHLCV
2026-01-27,390.81301739344094059453796828333092675483998461072297335170790285726772575090811248645541385857719426223428622192808782103940680329210294102128521908929818128328028159056384709717490297304164003902524070327638442146235855379322578457193209232508837702658259240555466031542785491903195233738776675817531640088581193999341,394.81173629896353056827621142766307878914054624372962341360297064369579746781217540683138513365947353129225682316302860253528140019038963862989559326160851830960052486471038513276386589820707877296307295054598938092834553507485416601154966959465843955183376983800595443725727672667391897861974617232412115936926863036583,384.59292345706075411660216584643502259733294749281553735663897691314274919516468765124861334683046070944387137676317411499647805475000921008553461708723336880467426102932119842896541692441205935040613509084787559384490739906290281941799256578974172151741968672246512745449420137316565006192283933025092671298795846840508,388.38882920253709237536630630535731116836047901105425078700954283863584741310528333092623413880769225018210395296756396204002380136687303195640655508015898679258724404359668266689128671908092690528696306006574406861648232163868425367027128321561009577737249678787924879214768801594475890796446659444515840521131603874210,317296615,32.561003430418409486176873053504572023651394496411878177394861640739080836511308321882097172186419097850300525858228306256709521478242908483138622774683327132641837634667639391726028064128383398660167899188857275294866902838201346365462173138525345282399607714600642437195417723745685879917227881921829245543740570010240,12725.264,12855.4663,12522.7315,12646.33,86,SUPERSEDING_BIG_OTC_REPAIR_EXACT_COMPONENT_OHLCV
2026-01-28,387.16098313552519938352931427767358357586685160177313540878996745022400165896228627826019602749428214184292132070751318759036418094132131480761208756021847849681535142667631201284637987668221076587807856910471093634311774487558100620753893908667084448166088903514176609100060596008487086010139425004331225624306988995218,391.82837000905212253881055550160933539424810134977189612059375699794204437834705583695120347771885095099015812473140430379706131830907703964295708448240824785962701994205403797199573155105579471899562247725898373405278890193760050702961881429710090116096820841215238980656965025785674685064530601473206500748513111380595,381.03805450938371352884604312217622662225805681057195913006878356182846408623176577936301138213474232642462361470363661871395743738429159160363059794561806138053297634382187013543194522199420971907053602870189635865768211585775314891728490580472646662930962120137888274117593714243116164315435093814687357545369748167283,385.95616461438124296395186708682929927734974043769220763260514046353980409669711831446353966490617637141435675246634655418864001766786549278407221276678432447206889321765008051163843142608834415368784978078755666754175507811217752972182392903112474844736730733241903916978164146184403784280976663438213512942323507509531,260464136,32.561003430418409486176873053504572023651394496411878177394861640739080836511308321882097172186419097850300525858228306256709521478242908483138622774683327132641837634667639391726028064128383398660167899188857275294866902838201346365462173138525345282399607714600642437195417723745685879917227881921829245543740570010240,12606.3501,12758.3249,12406.9814,12567.12,86,SUPERSEDING_BIG_OTC_REPAIR_EXACT_COMPONENT_OHLCV
2026-01-29,388.71775026981583429174364053121812428984419331632766932234183862751703190898625097802023057632170859990565618775317232510135848541454846112615407188581790149341733541269008134234541930535855296281805005331823975547421289008317015866756425587339460111763198648587505033911127659833537943618242922517160615042777948810767,395.20361304278892916573495531081540272460460284166223715487155710835919859283472994279354060919963200195869512014163589962457406452091566184773512077687716309868753540257171638943253897977736314598551356261166251993564596404732228171717923465576833334538563723826987532199553028360804618849677992870324702216437381280354,383.45388607821412144218705405973371454763992294595824498295912138772882325490955186329795427364583501553004784789523759857337879901732985881257197910482076747812649308205604541729542132141184239747955446307851584348063015947209015217344361890559440025144713651196459518086687419052734198591636512425307116015013040004171,389.51010914337246747965542606130299623515510172679024618616753716655854077861547276093574020170561353201281283177452580474490982513723997117092400032522032906404444627381143389386072241887651155943909904419507726936066533034261196635347384144670564500273679552909111403893859173403000067696017475811659703954746480289908,341494313,32.561003430418409486176873053504572023651394496411878177394861640739080836511308321882097172186419097850300525858228306256709521478242908483138622774683327132641837634667639391726028064128383398660167899188857275294866902838201346365462173138525345282399607714600642437195417723745685879917227881921829245543740570010240,12657.040,12868.2262,12485.6433,12682.84,86,SUPERSEDING_BIG_OTC_REPAIR_EXACT_COMPONENT_OHLCV
2026-01-30,388.48188530280362720324896948970448798984466709181787900008674696938374554779429658682677654830045317825515374488169966139351064475291005813608302342013531840262600938891442290840544641549656990360320049905408822890859446979843413547991807816152756628953823046282978393315347442864579161817469375766522521019634456903074,394.24637902920559887436175812885996352974324436137142990757887164657178505783324160400276302165008778194389233490211822790868143149197340096283544966976419551205609722912749635059813299083819498683028143151344453561813723370986505154141732167602025808386401942572722670233228585803447607997573691748634972560231339903746,383.54102098503795398795229893980955945784287292046074200148804665497566701323947543083624434764347901062207981806645403626503321223675700425051853883227319257515685118031858423354180995485579534149864551792135222524343279488720140384214846395626895541454707626431169203542483655329048029403089125140875209802358517787709,390.16994753090596608594553118199576653534908882751848122179913147319833992838228787744503184129372196094003223087525369273489821792569063370239229150818781574446783684943904085391231885065237960456048024178963705789404277641208984510528504429211085604287377100268913547143462073115709135834093820055903127310150987794231,451452821,32.561003430418409486176873053504572023651394496411878177394861640739080836511308321882097172186419097850300525858228306256709521478242908483138622774683327132641837634667639391726028064128383398660167899188857275294866902838201346365462173138525345282399607714600642437195417723745685879917227881921829245543740570010240,12649.360,12837.0577,12488.4805,12704.325,86,SUPERSEDING_BIG_OTC_REPAIR_EXACT_COMPONENT_OHLCV
2026-02-02,389.95619490455115341199723555062403363847451818655648374225545465801504916355207921042596412839945923506926439202298159124966111232608083099264040383616297481843819764039235039815474861620898167679554832746641131696810191757753626919707231270625081131406832798322049632591678861883777619306819043147150187459929290827154,397.94652298384329612757443585672187848787643698369295880620157281956157595769667153014128107863082498280602703778391186236011254894646030820306408867560063871671433627533854301523453160340811294869810585810557381338231157575118806830080235522508140110605408802485440877429462617091252136210432149745971093647628952730889,387.21578795761286651235987944350445388541752276683013030853791159917437268911164078491185210991666889964699965525232346993237648193880747758570867427727714640378372659457053889766036167374204911680320818183008152450362457653309173838683009034007921151115878516679604558746256837854138417473711792128538724273007735559801,395.08057629398107707746316479955082853905016248220505981255145968637826476207858310919989275411385681052428849427813410465759749951327819178799259026083320940359271635095061706416586293098531580046387275240906953043952297396384418910410295177522931349948732605717716773252519748444494771251181643522656622071546060907419,306453883,32.561003430418409486176873053504572023651394496411878177394861640739080836511308321882097172186419097850300525858228306256709521478242908483138622774683327132641837634667639391726028064128383398660167899188857275294866902838201346365462173138525345282399607714600642437195417723745685879917227881921829245543740570010240,12697.365,12957.5381,12608.1346,12864.22,86,SUPERSEDING_BIG_OTC_REPAIR_EXACT_COMPONENT_OHLCV
2026-02-03,395.02071327396803097630511625864999782603465772741150730003327939210308223926147926814334580210617047356059586906393169370716299287035298669577299551222533297643510532418713875434380549457258505671084972704038232223098206158144624079728817436812842064479208957225887353994534119006824515211077200084472762788025164952295,404.34727781455281961046725683550631982438701746301691063078424572709398181288172028542561978306441205354684300536958571739541303221408631851239450091195943492339066612497446131074134249299571515959508996985494989644129105727263511071165185671291948434188925438381364487701034910154272821595229308545049882949434681706591,389.27573675935463451414263535997393841486651000416993188079546601032437912017793620612405724995543011732744247467434917898708820909228849869977449521310964356937453411002998079844968598234050542949683703294627323848206487859019138901008421026388839064297838754224328376697958586640904668848354454340371701088732208438824,397.34371293709690264402205920699091433943624158170069117283501493219100850638003090699229214537509535498073706396548053546896564773673312881121336648949851512760480159730846472002595330037167088719788939724588276186766448155616223170320446662586859629926369850032199273025335204096689891786374402303976318145976050186254,374235731,32.561003430418409486176873053504572023651394496411878177394861640739080836511308321882097172186419097850300525858228306256709521478242908483138622774683327132641837634667639391726028064128383398660167899188857275294866902838201346365462173138525345282399607714600642437195417723745685879917227881921829245543740570010240,12862.2708,13165.9531,12675.2086,12937.91,86,SUPERSEDING_BIG_OTC_REPAIR_EXACT_COMPONENT_OHLCV
2026-02-04,401.17779625294991728712314309972903641105354016370087860705913612333846717687241285017155131003894442366867531552579846431657723429194105208273078890269627101137230249962503242139201508335126955675259538048855131004704944129957531635213488016336887862696135916068204430251006940644789150319895948493634109257886629654912,411.36468133187015591468272774153553318912682804703679044279703697787649403010646886290475085630403834755509951978904058451284430171775907388900871013111782502395655298419167036113660308865485988410183851098090515352514865622075192131091027134950549630655526172219601976559688346650372308632392945667861004396970879135648,396.36934800182094095760168396423387275809835501182244108156395836012927893853051233911196915980077818259657877577886553929783375357223593287581087886752125784721771216656449698920635675040206973137292996678178579556764768176621710448693998919119692077757898970589429613525643250585206486802737377718429455304614480466008,405.66593803618126160760096009623117014332577495639639189219500679689907337041594248584674169136465188608140789330293657863987812983188605097911085519140819819305187528516366295295712473577254659153690531458751377844286720856629050711445924632168268774040530990606082634745905483261568049481103676449738770831892718552156,375653657,32.561003430418409486176873053504572023651394496411878177394861640739080836511308321882097172186419097850300525858228306256709521478242908483138622774683327132641837634667639391726028064128383398660167899188857275294866902838201346365462173138525345282399607714600642437195417723745685879917227881921829245543740570010240,13062.7516,13394.4468,12906.1837,13208.89,86,SUPERSEDING_BIG_OTC_REPAIR_EXACT_COMPONENT_OHLCV
2026-02-05,402.34629525456410338080816867941524436993791178180455663909046423047729697211341346201177815003096469127902579666542817426766326522601489814584644209254758353049769011545893401843775992026608292179720949915702417707952712670811491779908568163898688356531124166318579417175656018522010801406793562198306311321734330144638,407.93136883464029184466904095247347842178606819768510675990987133266787915783992140252223366282031592272500392815727506778184214181802645528141474435241549466665798553854964103655336367822168729144161765756929403851856682919385098716389434038582507885922249266759033698531951470852962311458990282688467378565472255917459,393.08746511303470833175996000126443342101900973996951041195064433455058529818182549287757224964575420926806292308803365055436874835353723010456369937394146817296143524506708212298327168913316950375195127281456317230916163326545492637042161541164321252850270922233697221636699055376266550173195260868073075604138980513158,399.02609352211366101742545499528739826052661222996192995579516089996984012956951808792685095462045629222221151975965664457259907370607580013882951687362506482988980675127077839336025838792005561855303164289406372083456185540311883433509277930636312901810586958273582052198486176909475192463397390018979784823486628374107,344293902,32.561003430418409486176873053504572023651394496411878177394861640739080836511308321882097172186419097850300525858228306256709521478242908483138622774683327132641837634667639391726028064128383398660167899188857275294866902838201346365462173138525345282399607714600642437195417723745685879917227881921829245543740570010240,13100.7991,13282.6547,12799.3223,12992.69,86,SUPERSEDING_BIG_OTC_REPAIR_EXACT_COMPONENT_OHLCV
2026-02-06,402.32574920470327440395882819415839245786764055209139912273777460556959273049395805996641086555880064478368906043092098520248745723087999038538322185510726476907328945010660127204427962921854825233710921446961938585066281312485541559761272962290686934928126364415692845525597970146110484714496847063335808266169039289956,410.89937933242850930847749173259534445339729393640131124548060244859524641649827310839242482214497135318006470713112119830991587990626363740702050258046455527999143017319976043469369288320130719991057067104764371825597173268413670485122484264038507391902879315164972876723031385254231109847002571380637001542254458051871,398.26354945454341463179369897654385940376251893131629377489202004083924198903471678977313887746611317825806370015752525632586787509201951947202325690433782627808303694534231766575826175097489216333541499186629202383037420217663080333204586388654430010992073040054462881920434932719627586462480529866019172781378434578893,407.77275271548300721576950611808474438550904305553332107275480988907920935710449342801743782707534484509501044291010125707195649824183324435396423080935418778006814679961811198528021084947651081855737350561137170532705940330347219126249145778192732695921382081339115559617883342269044528879042108112915711639799582540357,290854775,32.561003430418409486176873053504572023651394496411878177394861640739080836511308321882097172186419097850300525858228306256709521478242908483138622774683327132641837634667639391726028064128383398660167899188857275294866902838201346365462173138525345282399607714600642437195417723745685879917227881921829245543740570010240,13100.1301,13379.2961,12967.8608,13277.49,86,SUPERSEDING_BIG_OTC_REPAIR_EXACT_COMPONENT_OHLCV
2026-02-09,407.39665865480182388169323768392120400402542350535794447297149576857136758898513490268475058395707741104135771955019836126905224606183013458620250431055875646107979022576958162303788408165226726649210700367878488302946601308966696111732887613592679608047740640437081520195067693192920176834154194576162016531594339664888,413.71337123522112539874417489902048053129789154804504197244335379036396379216474313824241130041147627066933515394345230169022178974995438841345877278046698123182507011914741537369278543241805293202042663230242312953406318446530821936439908202774100548039150929248763525603332092429012872162670820926569682339699863782865,402.42931788025734549309041402141053252225415126653337384978736387623663460495328459556819276903485268364202101200585161851264048757765644694832809122240171463327584006859340503985337724013553691044654965026871830216905276373975637931056489870965778387690701339001209448550535594808666823895690684694608714119558953648768,408.03871503505666781295229924562486031753975882431649609758932730567221194667771283267047322846389588044570720791881913047169117273789946439224747035529314215067399098788597683396792728867070742181058563108428947173445511326553011634485717390544141041074093389381929997393171400182548711413772052542002385807104157618602,285418152,32.561003430418409486176873053504572023651394496411878177394861640739080836511308321882097172186419097850300525858228306256709521478242908483138622774683327132641837634667639391726028064128383398660167899188857275294866902838201346365462173138525345282399607714600642437195417723745685879917227881921829245543740570010240,13265.244,13470.9225,13103.5024,13286.15,86,SUPERSEDING_BIG_OTC_REPAIR_EXACT_COMPONENT_OHLCV
2026-02-10,409.24270127226754730387112591755963686296702791018333333761098853923981939691315397823778810613541623135256232092537418715642540417777059882190311006885490060227455792930227079044391899439342748150120583978999462076545352461038529384837730659180528705418385896889483209246651496264107947553651197727719338564385358842261,414.92948854820932543653219363624144019371732376655268223034141622249441604873753089637761867040961066995535022332165211126097163278635510216356728542943819545437128468808862926264150962255400936705726434945534104455102743129083971822313944379542252047506883970764969775471909438589143561306422584448747980076900756299136,404.07743662188884107639945368810381167039146573561972694479076762346683416244671131832366078223066771614478446190583307870579539127588924817493860857679968494804954270795622332921530516988084682155014131891253299590354262155801598275804434802187893034684126744450097066583944071280493907680278814342084896607456479575621,408.82216754918185047278290579106924339214756012473898973310070597741441703443900925446018836581053986564158185865466127255335763306060723265744440347502786801604986688196371728315958246830723093250140913005753251698495348083942360730471545098383616373869098800619190878004368722777200058005124862811175723512958869312922,324386785,32.561003430418409486176873053504572023651394496411878177394861640739080836511308321882097172186419097850300525858228306256709521478242908483138622774683327132641837634667639391726028064128383398660167899188857275294866902838201346365462173138525345282399607714600642437195417723745685879917227881921829245543740570010240,13325.353,13510.5205,13157.1668,13311.66,86,SUPERSEDING_BIG_OTC_REPAIR_EXACT_COMPONENT_OHLCV
2026-02-11,410.72459663532392965205405132056952992905780126761125034665430659760535761308947992665791099156271006019110970027879853210838816558472062760795886925715125467738693596305527479492789980143313565435806117897963617879608606165680446332596884745777516480235366626341565586814109239411202119375192318185306638294195121896310,417.40639010231366222949190943917000439286859848233450428841459906951431166653383277548029376696240471400244426219683686609214500368445430223002901553056926307228232119172357235646866886928905576361439388275359019137556116665921561866022008121412816747399238589561616888443932791390804435482896355591794788206764824323171,404.31858091023300108136707185878882740788707510570155280824320957535443197227003250116374954298849264391269854148688987664429154493358697948193585668196805398067772145874842286794630548584425611211271768994343409058966802625704352742943159631770935583777392726209351148883202868953320453885913142399112557875054966322416,410.55645071157499295810765497261547280112845151771657560520292289600643276575537181574851505361786976936604448221612759020728570105054481297636525072204550696617827580938708079417159741990751358604958739635558888016658615384836847259106896520863035545734854803457864968667851336087911382119176548173560985732477814355934,413949986,32.561003430418409486176873053504572023651394496411878177394861640739080836511308321882097172186419097850300525858228306256709521478242908483138622774683327132641837634667639391726028064128383398660167899188857275294866902838201346365462173138525345282399607714600642437195417723745685879917227881921829245543740570010240,13373.605,13591.1709,13165.0187,13368.13,86,SUPERSEDING_BIG_OTC_REPAIR_EXACT_COMPONENT_OHLCV
2026-02-12,413.68949297846956406914722089709641123139559576164447400687651345648393382526021910970687607817364735265719118918660725012344422515172211519408634567342684993584977637129773120280762629564190795230279491056717158331862858851108252140713354965342996589402849546264131853297959479615576519215863967352827744073035881886624,421.65346744731988713594352573174596814993428624455544762869670790034241725657423642120824733811269027782646735757409862895164250655442556198709076401697880751248424353996763573366950947398685255849454372340153845231166587015598411005314807660701809197517926419858409467030351680880492901252933813784736452395307896965730,403.03926837034102258967339106399981964462011357571294958861281613997647146759507227548182728321700703614618361837214979362150543865116369518069854241478915079642300278054637924468384501356695862306532551037398221237759258467814788450808387678469592261806832455119570379101325328917983472447546796999978965643234486809462,408.23465494254857943073823690771561547300811524519832712050436438625689514777207077743795196528363671249391106020006855683315851953754178354285336738798257966620116026284544308507919967322233959117111455073663042602218351529084766135266915573068196688952773458367845716238389966681211387282888048970010332154749212802899,456015041,32.561003430418409486176873053504572023651394496411878177394861640739080836511308321882097172186419097850300525858228306256709521478242908483138622774683327132641837634667639391726028064128383398660167899188857275294866902838201346365462173138525345282399607714600642437195417723745685879917227881921829245543740570010240,13470.145,13729.460,13123.363,13292.53,86,SUPERSEDING_BIG_OTC_REPAIR_EXACT_COMPONENT_OHLCV
2026-02-13,409.11160548247783800955014414079833196147814805643089893328031336966218905606586809598194905163145522870009820458698759210111718187985167185754992953457729574381016196777250141817488088468430539854253116795417003162561921077723990573508993119543925350772263871820140888970437752468086360132122092580176507856264558240218,417.83869941246255330842105561827108319452789709619124862171814015483413339574400914688095759363121087621717517836416108228999955514146045824438165259119372676154194183965522383358927316919733800918146041341978520874475131488831241896211899814349188465165792802243341193102930216097005713172539137547160685770633334103285,404.30352663251743163656767520141385009854819088322898618229260732829295304833491287202429765650855317683374971552970122107793576679725047786848577297963694907489825232616083485339164053677406587536822138038229119841351224460076268753289817244489979018324425186785259451928696304198784550784203752819211870375401006040373,412.66990470769659169307450921503072732754235692995196024865082052781629964885749079693904599632306191775044946570389147634158925724943519758889262895872479924737150123910458230804261026322661346472353623670882636800945726073391432419936361431666288410157143765536318148484564617613560675227660480419893214500987080564700,323915910,32.972213007967930788776491913081478188663650221553191530807588595173704606405012028249082813918650221192217373085642559658530982657608509843230680539848129478452348145739019830565645395171223085131990114884555505926881201213037447378106552160723928243819060362702410132757639108584901063463583088737905159487103541331062,13489.315,13777.0666,13330.7820,13606.64,86,SUPERSEDING_BIG_OTC_REPAIR_EXACT_COMPONENT_OHLCV
2026-02-17,413.10784922772351522335443107032086829567333648361609087208103679343526710643184436013376562028510581794126192861058733901733966652569163152505788427246603044780981991865314610987042719605138997435949946756686474502723390892413085659607344902828187796212242445842347150780280219677753456806069042825281852335826257105567,418.83148991736707742905458068558376460181900168063851204918880596833164657025700614926305936167729993790665928965358183829826491334461947740528203694490995478998710408450857991191274662025047327899435410442348904152491781118379305664611729652897023400830118636804052907936578701240225988230827725264346598445096744368656,406.99447430953743375633093603890697285539537629653788408809462142049803034227333956349218482516979196563431218021744017258070368152368860014252777613716197332044468461985651672063814033281526033617005025886319878787563688955151298877475429733330098588498846662508124206974804524870375131544703017759079877673472873591358,412.50218772738157180924847265964606807866671171307089083399922108537357873193324043651890752537360881746961893108657650954124993846150596769505648893898871832365793459797552705706403945397282034583048569244497866881666691101569535257321583582381473372086555681037376252344200184566226816902375373565026909778791071156410,277318307,32.972213007967930788776491913081478188663650221553191530807588595173704606405012028249082813918650221192217373085642559658530982657608509843230680539848129478452348145739019830565645395171223085131990114884555505926881201213037447378106552160723928243819060362702410132757639108584901063463583088737905159487103541331062,13621.080,13809.8011,13419.5085,13601.11,86,SUPERSEDING_BIG_OTC_REPAIR_EXACT_COMPONENT_OHLCV
2026-02-18,412.24839827145461224544082819392114428217640444817743896025517332147472002798710535225205061309421938832857193042153281294355745751803548021736737145523618212661722471497951723063015247864497489264748814027939029099580525458486256623929713099062220092224266722765711345738243800356616677213015649597737383735401681767693,417.74062288968810280203468364488900162508593299088383410578679435429683305195564733575498222521234262383233796627637208778024597664301460948657201251961641419533851836694579546639025405862720365410463009848623084357360608598397387361578611212838223616416051604082014773905843380674862835803169974264515751311952218455563,405.89192471751535864843404274484255874978945072838490814495955445289559727655801669232880256410994688768509466842529557121069727545551766724097766470723871511787304901618832321857445498337577779988561776286855614199405217195627494377309645089233889172365571773545131095793852126229220847617557619149294021654935053930450,411.16833731250732687422693781230116504692152606416864257787311919050362105990276469487737227178284076134829399212283107737507937059656428040194375149450538396110410803796542761077143321438973065446196726822280058220516547782796335161476402318561358459332261587542702249725580816030305054411806425570449348357114837663158,290699719,32.972213007967930788776491913081478188663650221553191530807588595173704606405012028249082813918650221192217373085642559658530982657608509843230680539848129478452348145739019830565645395171223085131990114884555505926881201213037447378106552160723928243819060362702410132757639108584901063463583088737905159487103541331062,13592.742,13773.8328,13383.1550,13557.13,86,SUPERSEDING_BIG_OTC_REPAIR_EXACT_COMPONENT_OHLCV
2026-02-19,410.97939033468407662535963080686781475388440676920136184491119070471372028007671049136607703235877334457621908603496991224558317601269464166078658109252422950274325448023775777106177673986499071550247285347098639601342534532080296682772482990729595677111885170781011803328146354957873004266112332621260666673748826223513,417.26180152588747514889386991449082381506804663372742403261563311064453842406836345867703246903589132968881241212967313066444179994137462834409349327846102569490360924998064203214345965866675303493537190759644020706048812244721168613000012640454639404930113714302301551492513919020317203029025939030720458762783105697898,406.93327732529156628407339959018090315695391573259165951939950435811811673175439699979313321455825372589712233342705714545417119012219066161092152598674181706585711956226696741043626148916023419060299670914346070673937540983747924479320116504439701944485147414688576387990718962726620990701479615420152827921125644025050,413.24417614029422306744087488884782007211023074218397640894522115035751494035128475255483658356137917883860971398216614114528274752962325690892650079845403835958061233309710693322396660709679922152910687365799266981637517226501286423583665402428425964768895295886251739639079430382406692700489434905799310303716123340593,258549869,32.972213007967930788776491913081478188663650221553191530807588595173704606405012028249082813918650221192217373085642559658530982657608509843230680539848129478452348145739019830565645395171223085131990114884555505926881201213037447378106552160723928243819060362702410132757639108584901063463583088737905159487103541331062,13550.900,13758.0450,13417.4907,13625.575,86,SUPERSEDING_BIG_OTC_REPAIR_EXACT_COMPONENT_OHLCV
2026-02-20,412.86628218464772256970626087798111948603599215224941494302136417877771338069917634553224610471324434529445990180644381088629035836188397942661215999449172944285890521764176725380565167591842375706616603329066844806659059581255269721346013469686209686757229215570613629880714245453895306723785954577328455846635098248164,419.26360831950638516915674817879625764197366813373069810940843050648348081116930754351804867817652468067180311861814637997539955713458997914206104949232364509613150302594486676732094989704121307756052995816833088433919548065609982818228582848625944083012206020655876652797894316874637340577874520112148139685479498419341,407.67835925212684539545752979924689298826096384165445017215643808370407057733813273296520225900946788766912301045121208024330971537771641039968688798761999067397125910523577398381143227034813737629073513850419327450660145208773687702379499900349396820804897151268272775899700375085936990781236801244655990361771324760497,414.38091815973169662326280861917636886798422184695751612388466663720224883097445569900531904573305308594815423205415900536713409898685592828829051173258171928066846403644141198862638428400575590593301068569333164714590517383996086282315898138882980496358781583012256306379334779725177817556415181138272377527015723787138,283973960,32.972213007967930788776491913081478188663650221553191530807588595173704606405012028249082813918650221192217373085642559658530982657608509843230680539848129478452348145739019830565645395171223085131990114884555505926881201213037447378106552160723928243819060362702410132757639108584901063463583088737905159487103541331062,13613.115,13824.0490,13442.0577,13663.0559,86,SUPERSEDING_BIG_OTC_REPAIR_EXACT_COMPONENT_OHLCV
2026-02-23,413.84726577808088371732469082214529314548129408155530399018029985431085924002978443917808025852052290211245625050517365973806889978310071120999529130848223300410665489587820810442624138167408659021748993916531124726366574879277105974804176182103153169849310366833919714008996811482973045592683204802424761398411738523709,419.10759210067518710652060039430986268572301820160057201847700955678839131011293707261872203762350901368000412473416958933990127074962333458150555736040206327194211251684973367110435195390407479823284894980594080053716486888431508165693039906112886296473102249114319297961995730146290491848261646136142729702704652904591,406.03535154782417610460071715245007991685234653220991092413295027988580911891361748427507324095751626499758575002723846623700553449349164935507178582248896833601659838374047786367346922611368939424109515657476689147402077810612440216645817798822541482302396726394491421175482999477866832881933729092870936654253538351263,411.20715787937951954173097520667591438481679294981200041706914944119560709492320600795834464842213551150371227138325841146268051490914102800847363562203923271017343268546003714445084756863628929302459377736185240110790345533863890637990779101355403109654992608478087375042364942357240972507787227122951263683353984867103,260975882,32.972213007967930788776491913081478188663650221553191530807588595173704606405012028249082813918650221192217373085642559658530982657608509843230680539848129478452348145739019830565645395171223085131990114884555505926881201213037447378106552160723928243819060362702410132757639108584901063463583088737905159487103541331062,13645.4602,13818.9048,13387.8841,13558.41,86,SUPERSEDING_BIG_OTC_REPAIR_EXACT_COMPONENT_OHLCV
2026-02-24,410.69475672523444523119916913014357839751950073657408581299342203069474454674324039506535378645269425847574990567628981036110134837712216018634676661056706504179355774841204646357136973243127649563322413595814498275025409814076097004778946479084183368504183253121343447060382248802059297723766645601940879466084519755894,418.29523364619331219994362958032500256747674888888177168842036545637509201601333878836091435230168905870428662702320332923527386738609817498127882454295613560858146999321467509324011741618296479254904880542259319827568443029851102646282833583117018901691586513589045915195900994322306726669247920605576433532994336440081,407.08252420777442575031353085402320119740907850153772508712111753284879116795407801672396529693479237083057026486499691970814402696765173580758836957392468401442754658595522796921729074282164695585416910237832133629253591568652828314182061183006708515501789520307312870852676865567590350670981846018098901322627254985769,414.58242419750945857807810147227423767728886459297551129529274834706367415541141986169382573919331734337597812989338185725106438252372402889184145167925956652573994832583120511575465303679489628097771894667924624003751934269503900314705342215231624390495511814756827669059131060710140601074636042334828265226310640913855,267577161,32.972213007967930788776491913081478188663650221553191530807588595173704606405012028249082813918650221192217373085642559658530982657608509843230680539848129478452348145739019830565645395171223085131990114884555505926881201213037447378106552160723928243819060362702410132757639108584901063463583088737905159487103541331062,13541.515,13792.119544,13422.4117,13669.70,86,SUPERSEDING_BIG_OTC_REPAIR_EXACT_COMPONENT_OHLCV
2026-02-25,415.33410258785622355288576928546249936874608500487223189338182002540393031553964464611207563670628666777204402233874221794961950847298840471531013383462103083926235201788600979348694410315531051878559784923859203321920949080873784230679468934615944536273745189400376947170260865757174819979759717311008517918333747769316,419.39639588820679232238559733800794906861964235670906813077716429289342023080211863809806536305138734051982487806027840875332462755939839636524057423887165289148324060729302998709604258373267379353803199320193856872889537084175303596045257809752150458268666206972604038942668451030080297309625904836440042157911815728474,406.34112113622164427218583793865850597132601154343473076709424511148857006147032629236183527536353637561626664821138091900090082890362251786622306612356983529167442976153415275243024632772970833088482023965336883243812004930556072642092966905486325506034601646554288221244066711754892028018125296969626773734019830441366,411.50650084424556768881288855236245810749357745082758000524478895239084316183864019554365508391419737403025790911795980790379246363190079275570016401169476954870017820950050284556414553831216152324169229692370062096157383547201584470698607563473912734312441859421555848849571023592889048748977458902429323384106002443519,283370768,32.972213007967930788776491913081478188663650221553191530807588595173704606405012028249082813918650221192217373085642559658530982657608509843230680539848129478452348145739019830565645395171223085131990114884555505926881201213037447378106552160723928243819060362702410132757639108584901063463583088737905159487103541331062,13694.4845,13828.4273,13397.9660,13568.28,86,SUPERSEDING_BIG_OTC_REPAIR_EXACT_COMPONENT_OHLCV
2026-02-26,413.42993861849123876155199132677386670852312892543832544416060027964533874074206837960245830771425444813699796434944537652540541074410183432298551664309843178774437285333498458462346122289534493075061071326845980764142499307290173577289120147017491942152260086204658511979701518642897656915779827155886380988081135582104,417.05255867044635667104710835881092488381255812010972527934903005941473369530818478117059135895009262635110788691596979993227163209658595874489741783105358093741994939998469664560728449529142970137477634831265171955123027301856755138182948748300518293874174353180520604263922006042432367228894737603322188268398971431022,405.97556787484099939664449956511296593649363552831913985177106369382015062498213786213037578093300234975824159996618037174209977225212345804101576426608684126244983842659877918180513516411693608740431243466256662307106508807348841862266496638560241776490053977610203050793167821013025981812166495339408708876157216171988,412.18131147932860429191041357176728058262614636142501119439453354449763166121740520808399522471443814821623971657460682622342173000286378825983291544734174975713179805852789513023892375851767852778147752040111204144542825240994709809917839303932555934281848839607683143889398774580953676745838547969772163628453477561749,270944237,32.972213007967930788776491913081478188663650221553191530807588595173704606405012028249082813918650221192217373085642559658530982657608509843230680539848129478452348145739019830565645395171223085131990114884555505926881201213037447378106552160723928243819060362702410132757639108584901063463583088737905159487103541331062,13631.700,13751.1458,13385.9129,13590.53,86,SUPERSEDING_BIG_OTC_REPAIR_EXACT_COMPONENT_OHLCV
2026-02-27,408.72491624214935636058414665776860222853701306271776420691360579440998441035444095396445076870098017832386143851632469396290265845379422499563116185797059921987743598686916426628240160901812402483149900826130314392394053696391266791058723534678160619674126447168184491682215518388656111017632704522615884216648960561494,414.83452131934933349278674180783813724483030006707294803823434416722142909314338258246855901192858751700243736494691629975337550108231812377855840702682742400387591733747549680782964783975381035564158934506295225429616347264518786243678813132564364866477185356547787357671602273947906368573968105457602957124381721664064,403.51689153484497192069348121575970083923309186790059820493998528514989758823437507396766591421866890788367201943155293438768604793027050884869963422631023939561233020543236849712969131975617840966904234550811639240647996143727805258948668197452075212159082994923565232773121733976829184714693005658630931200827390801477,411.10252432023181274259899941715022281002095642210138749111109915612736348490717278129478628951153638022543644056413786255469305562914901297524855730954565600369751859650972238570406963417869109879994328057380032187472546262038436826429877012144511166038831004320438960892159991936147945453853863108143470867836833579095,423633797,32.972213007967930788776491913081478188663650221553191530807588595173704606405012028249082813918650221192217373085642559658530982657608509843230680539848129478452348145739019830565645395171223085131990114884555505926881201213037447378106552160723928243819060362702410132757639108584901063463583088737905159487103541331062,13476.565,13678.0122,13304.8449,13554.96,86,SUPERSEDING_BIG_OTC_REPAIR_EXACT_COMPONENT_OHLCV
2026-03-02,407.21867824750828086142749575602832791820065789975548004610763206756092625156131800642272255509634387229363220321174413136397825912581641786227165770965726775598763966407831435949138373169273732761136037740422888161357549040625518698229340019214211451565377589284506694903180047856231602315973378302327604050970314999916,414.70321985047450246511078158012985419127562902956061280914733341384579226391369775690492330084694785930880271150772250485849141196322553517469135440703657135594948984028923660926623015856686812379676237553165429931323791153569085485573471436397099476525753730093323761563074910362396642426987702544866875494056803390557,400.90327867303387924067127112195108850168211038560888635708012551813192591202924783892569395117660018425600101590487934162708544404964445588863462445690909087291892206692926854389149083127340627468390652538268304253236354775323326488750669060267963365806970477797837310956516249599501826473415207080796967061030597909492,409.87179103611182958063506389861324770706007343818930849534945261465799371839974427752458391136889500420444130588590253655871302734448931151198082457882410738085908563140717951324859291928495928209245850835158980810113541236259377518090605811090132133338831704619576252252096646900568563654422007101663101361693894718222,352582991,32.972213007967930788776491913081478188663650221553191530807588595173704606405012028249082813918650221192217373085642559658530982657608509843230680539848129478452348145739019830565645395171223085131990114884555505926881201213037447378106552160723928243819060362702410132757639108584901063463583088737905159487103541331062,13426.901,13673.6829,13218.6683,13514.38,86,SUPERSEDING_BIG_OTC_REPAIR_EXACT_COMPONENT_OHLCV
2026-03-03,402.13394220144776393143578532329504647692646281183582494422446669274458351612999898721145395707996782752281063336256858725712681402811749600854687380208897711128637108930584453983963268061836904298812922697500326796502997524934171376759151664061429145658068294929595794212147160595495723354019484452608324614755688670634,407.85514750709145342526048634264521436757760462532921359438892240738270791853942527834043357203143119089642667579258471550115020780931103498814262827496964516084625934172860869691871945650291834722159116100304656214765271933303279050244750300046245383386444919291078612911592691725686338768392073496240089522130664457695,394.71200482827652678420705730346567456579165567058148847155073850542721560806605279802749007059407651493796388448016373174982169407353722432847013555475293178306584898915615119586360925181810610438200721792661124063832343305848797195988153960863719546548640510498499678220539024290892773648133789801149495615645039069918,403.33113208950474311663451353075508973011221675237169005705579334572540909925257741889762864103271858348763966111734091989303897855519135149304737852886330954938209072618257636209899602651290047053458469468992258164658368013874427150507392606090321456172315276447573010409536124135067247762520436860152829612599026535104,359232211,32.972213007967930788776491913081478188663650221553191530807588595173704606405012028249082813918650221192217373085642559658530982657608509843230680539848129478452348145739019830565645395171223085131990114884555505926881201213037447378106552160723928243819060362702410132757639108584901063463583088737905159487103541331062,13259.246,13447.8868,13014.5283,13298.72,86,SUPERSEDING_BIG_OTC_REPAIR_EXACT_COMPONENT_OHLCV
2026-03-04,404.84831869714649170404816247887761756465184640417557748344752247921494144448505920551922484523640598702263920799458887905885713811507556947481101406002017179328284501596214036393625823698801400789644880034341508623092577161018049714672153405940038216468439315603160062916041540188090568876716565204024405624456700292978,408.65523939032734430251869704070879822159905513843881866021910587414454010031072074093927425456729599159959741134999207104660979209151780315872354014344226787916504032659251118606627984308910347195419663292438422814980036785730452813035030496042161622874160413436423801612959070358836945442771118262115286793333315443784,398.88409664288287611164818737074151881877633388655476875991591739524498446284767029450335815252295748767610473739429763942645058093715159047833818494877761057454898447022312052602128307419575944512225246908870794996816318787892518453936840754401688837175487061332796278552777063534147614672974371068788686184187909117478,403.91738330641059019698845324424251527817120808009521117553959392844110445624096068597200054762456820888157351901113808232532813446308864151978383179857369729899931372311289064806667460933929519323833320437858689903947737785370260069706152258061322841565723283992594129223727833299478642932908410914063323416165636669150,304156740,32.972213007967930788776491913081478188663650221553191530807588595173704606405012028249082813918650221192217373085642559658530982657608509843230680539848129478452348145739019830565645395171223085131990114884555505926881201213037447378106552160723928243819060362702410132757639108584901063463583088737905159487103541331062,13348.745,13474.2676,13152.0914,13318.05,86,SUPERSEDING_BIG_OTC_REPAIR_EXACT_COMPONENT_OHLCV
2026-03-05,400.23115118693526444766338500670915094486879912910055417679176565171024647484999443677881297792323129091557351955860947942902167710968879889889752583048396645962034682979700163913687370594340390325676400839357090857292589281253679049423682240503299233372987504278019968943995090976161685818547827134135152747739141198270,404.51146545253617336054966434729927820526026467675784360605469173762402246206529212700460589202267823971647270574292292292153433877247776818725520206724616890407732229416541698351269668031402502090612980944711529206352986009866103942912069317525145062472178951206132449170669566044920219050644287246868426356489407064440,391.10334911445614402255138571057190006665537476206000121221096158168027482540863647825205361167834344650597533935315858515821803928749544745510943173496731694759008498415214942651966482424262480232467111958844529243466802004744176206612633468532604883463425166026758426399558400924636688840254827516162350568762711130230,396.17371532782552880583715869420394201970210296248467990586194429985895444491343511503692219198519061193040943262804841507233448566768893905311157526714956909319456864919109126607458617791964682689845784918846370006292658233297302378318661665641510603227893374466480824534658592682630131842252834342870706353675683671483,360041804,32.969097884729399707113777701660373135656895494188177567808039684942681534959131685800584415980000526696892511303928255601778931384356622977467341038013595101495279972131657505357218865086310939052082350062092792565904974727164909906736443123664080002285516275149284467822123135216222060449418077946291251264023193264245,13195.260,13336.3781,12894.3246,13061.49,86,SUPERSEDING_BIG_OTC_REPAIR_EXACT_COMPONENT_OHLCV
2026-03-06,390.73346941551393289705378460875179076891419368204644106879853129493970694181542150998627158747112186570345996240404129461920288174276485396721662054606369399681924103856482166517184960808419570457459746725461393223831215226592038076395747247198210954780313985270033099842544668695570092520244346382919181478586333661594,395.18442529283470023669755940132310256165293676550222229039773668072176568174971515661624857402783743269904132423807174111660667348205488486510115018249893962094112481919451226683817430461998534290521940876637332647212897415003359543677395258347467881987100099079615531630243401640615883370289583640862588757866351502960,383.45957005562041243480252906352869947296567340222882418293969086217652714262275466743354958141694907968207817406019081968814101092155972434868236495960620101190263099127463904115494365991546850354687710203043871176876691310500435821595557826359419297301904232389584280430785853429489251462575513413238246061044824729319,390.25453608057080120994579243207198775681594943841285614887641214157399040482881560664243922214285945768091573774504780425370919292711726641421549802685123877953686802913245772115992127346128402281066847248765185481859440167178481008590427690361611556988587924471346665683482642371607451478735863841950895684430236115258,340463280,32.969097884729399707113777701660373135656895494188177567808039684942681534959131685800584415980000526696892511303928255601778931384356622977467341038013595101495279972131657505357218865086310939052082350062092792565904974727164909906736443123664080002285516275149284467822123135216222060449418077946291251264023193264245,12882.130,13028.8740,12642.3161,12866.34,86,SUPERSEDING_BIG_OTC_REPAIR_EXACT_COMPONENT_OHLCV
2026-03-09,385.07588058332466096438560819643347128104641239703690292190649656707192375680282758441626916554120783062747041008905990218614844206246367240445118808440348266833760740916790310434506979696522186145630957591269034591796465119614398140426939694740328723509897787329969388668873366609464686768785367366837800832469730688886,394.76341589644387371633245086364300948066324331553976195068937756200978624866958938586365855626559039646881202711747469587783770268611864613730371630641124854098897015910432599374841746248006311170402224676656575536318182471866197099082495655957712492256815980027155196400884029340174573784687665408129348923148021663409,378.37480551076923508585050124226081822353876556010352086854855425152775850221184191903897123392699069417605435669121459269508220519489454751879867406454426853117186851258290789417669740496622001663462335409834132804117185956724286195221807647053509279500698262162215721845428246887090106943719578744270596241945900370132,392.29614486936258042839031133088880477672303113815804936989970791187458445831636743400617300999880262956169165679488009282251097849907667858600179041242377587106799705160822827667162574337025607267876726993191695360325300264352041100848035104540733230229262179646894661750333526857869849082904766179869399658220756894340,373277933,32.969097884729399707113777701660373135656895494188177567808039684942681534959131685800584415980000526696892511303928255601778931384356622977467341038013595101495279972131657505357218865086310939052082350062092792565904974727164909906736443123664080002285516275149284467822123135216222060449418077946291251264023193264245,12695.6044,13014.9937,12474.6760,12933.65,86,SUPERSEDING_BIG_OTC_REPAIR_EXACT_COMPONENT_OHLCV
2026-03-10,391.66252324840939607879875923647078441364138527544950246826803079710375163499479359900156663657402792456031876011772850927285837519363782953948268637964006607101478492409420160435132553348263112869303160444068054039051090956699717465250707693649057929185876681425113422151967973649151223059869570873469382890308948428093,398.62119987045636926895239487754377143964957456656994541924233486213019658461555047483218433887559028606490793432320357427547560219064235254356305456864890794897274421657130826567252124728646921419250878599630770572182712501492810613052106003286975544386548604812280095419485174940846821551431618714904478526060600732224,386.98364635058052975016976212546300329861535235678488062784273693020045379668843048836051138338921528611986473357718172241446821041159334006450433124100231245409886002559083941701193496524484147252518984265252814842517501127480762634486302237614769701943420104502148399808791400857803265400177284093358524962491961395953,391.04923335571476697414141882324338060435594165067269533790518623342949247027597141483283604237313248451828110485694146408423389661112254509359422409503476075209354847308565375724411304989735346174825123750745486628067122192346890720134290831842518205832517285774177343909731489593426753406327539030287146469952915033233,331613449,32.953420952696208318124687249014351997402474668876741330393077980855869421484590573286508838385255268920535033798002305945498535639302922496063296228746003693820401189125421083801129383126232282816797865578021969454678666378504406700724604483896620563061527986603059987042004627887282325035786415267392550352877341933322,12906.620,13135.9322,12752.4350,12886.41,86,SUPERSEDING_BIG_OTC_REPAIR_EXACT_COMPONENT_OHLCV
2026-03-11,389.94783025549944963848886215337259281326167265704210578834954826022032688969855176246252050964074752675847127320477591212376257300140496721316266849781805830032480641522542396453154984612266979095106259609700829415769805111957432977952545081950259343802274866293609208577069529020992430437930277435880265590475299223676,394.21761153866203370968114121169556672921012051633123952362221749341016331160259355954607581163893515199997854891226004510326280912344219290073543487322015721487016819053772556890977108992139182301643261081366468781737684881806505488403195138545423434485369634497727500773424351036747159162239108112164609407953405764069,384.15424966567060214755855467120171460038185516133572791814902043929349297146314803144911337441933159946615273394819405515021656660060200677647453346610301315092350522152996426941739889540940799815552949243031183270166691781391417235690618900813639669390967550449509036756953792749705219103044795948800314093918880272254,389.55727899775675411266303478483045095153462369856226868949898865930554631325465064864502606395220104910676297913222127226341635630882843525776511730519706475977476618145600235185077115439791644592134353288124631192980096348388645930090891687464697923214265822378164289087398021069684507607238370981301383576064841011348,274391247,32.953420952696208318124687249014351997402474668876741330393077980855869421484590573286508838385255268920535033798002305945498535639302922496063296228746003693820401189125421083801129383126232282816797865578021969454678666378504406700724604483896620563061527986603059987042004627887282325035786415267392550352877341933322,12850.115,12990.8189,12659.1967,12837.245,86,SUPERSEDING_BIG_OTC_REPAIR_EXACT_COMPONENT_OHLCV
2026-03-12,386.24047616393572684205208440552539225015416906283218361534466353265554499194009029586708178160891200424804374508946896948673869628562603100563206793818272179302112223809953131331896935264862009266108142639354159425675562479480602749768125214360832428527210126142818119864623483443854641179632252140727088829023754371613,391.08637365752916363723840640027203075389500421635128683948119244132068127738628148268063957400314118956862498839349155139775975011617650138420891429741617753486582463797379634557107937855149857324629987143331488614866862538881350563373519735910182030374317173810455410218100293707510119743362049905620234657749134889593,378.71939359239404310650332648110623400800303153882141300932628866765444492348871118828802677854317174222949651682762485619664916911714836254422661072329327404981669785933684231849927047966212842500002405291308077046352871411928947288794677089532175546551081818139734824769397271037002665808559184712273859781907521306900,383.22834579536230354030603742794240847431680467909413929274120230601987133088168900934614171330703761639190036749492556991113920375220360972414326208118506687188693470088486237201197106415053873329271446060541730101094743624414264482484119509583472201677987129496623615298670458803116776861916733249395265065914308055292,332056912,32.953420952696208318124687249014351997402474668876741330393077980855869421484590573286508838385255268920535033798002305945498535639302922496063296228746003693820401189125421083801129383126232282816797865578021969454678666378504406700724604483896620563061527986603059987042004627887282325035786415267392550352877341933322,12727.945,12887.6339,12480.0996,12628.685,86,SUPERSEDING_BIG_OTC_REPAIR_EXACT_COMPONENT_OHLCV
2026-03-13,383.68459584665689773073271299018258740913158176462206087636343723995566977430313836802881684857722380842713224017409099417689719660168986908307117056456165101191567245649661481541790033613961478618435135463757590577681661165584800103679550184893635893580622198427179765479857074465322135658773739250932113694171809704819,388.16455864663202708172101734143458875030876983340793491575877515285459347115401372335034651185963914256617346975922298625513324982210499497495431138210295159394803412824510662754710054429959227869135842873931330278635508705623337501662410565213076101906746387922075532602129733004158600669963371083754606448589925903036,377.06263085208944287899851909859444091687249813267027188664989768307454124427105577181716999868210853369238182971144823476576633721754398502776315268814675009178484109143666031648861840034809888412107512423073175782165104001282115619226439358497010652280061154669560146489812442165927287393923946772866808324997980883310,380.25354083836801897179742383523175061067246828439496052037753815080029558039251836540449598596840426719244705996326035269981522376981997121694652988129105002805473236083696799042455167671112787993852059483084419001774204240067482006834328297094385028988934045128480460178641060733289161231918057897102247281441612923363,278030695,32.953420952696208318124687249014351997402474668876741330393077980855869421484590573286508838385255268920535033798002305945498535639302922496063296228746003693820401189125421083801129383126232282816797865578021969454678666378504406700724604483896620563061527986603059987042004627887282325035786415267392550352877341933322,12643.720,12791.3501,12425.5036,12530.655,86,SUPERSEDING_BIG_OTC_REPAIR_EXACT_COMPONENT_OHLCV
2026-03-16,383.37658533647132200523681961095160528818911502580540613251470530916429270741070664267935541705129166016257597095603119661803829221710153968545771721529179208133424989451062962748450423560016691731262273856291688412898606823491536690972809364842513951664733699558903561483693575312446640868244244774479870174463374849299,387.18684224971379231745257021091429948401739740930865601353841269459247949520190071820681618590129820875823604182192343713901197629919959165528459563772260559687454529406947555675560450077426275708423627795522908549485345704875916518863710153375747120839379049112029607347141514766710491762664765723795747219799114712471,378.27296953156231486877769232538772916291841905723721879575905071886054282432930807518842116165013794719998516828371142823134029087256158112214079447582738747843054775156460337300821829980759874932708654886090833441022537325333226141854548056601700592863263324360533245628263543489752883305469840263173457093943751079039,381.80800767425532109381980199790239683188210953522088556999835521038534880714767256550559567364484508441923473392337002067543565501125220504874447547896085532057033538918495727632469883624862167006094577484702977859577105954038562240896813657693346896530925543182085607859971730428642736448868032029927611461531918764909,277051548,32.953420952696208318124687249014351997402474668876741330393077980855869421484590573286508838385255268920535033798002305945498535639302922496063296228746003693820401189125421083801129383126232282816797865578021969454678666378504406700724604483896620563061527986603059987042004627887282325035786415267392550352877341933322,12633.570,12759.1310,12465.3884,12581.88,86,SUPERSEDING_BIG_OTC_REPAIR_EXACT_COMPONENT_OHLCV
2026-03-17,384.10139627595728025188405245459022676195372764222272618737450453743542977565954721016427032266674874009350468920956403057797375342162294339599932640221894287512117382485893073229168782362880823953219891532646888587164221012247817761974243417206116311586134443772090879981273546791642269964149470881382409822145686495976,387.79901238006104726011278762259553351593705019441429717739406334612425572260364598309816794987329641764057299498082413685670818950518371261794429571261480177347672218916302016707024157963538693952710394264310711500975632917482956937612615724721542459003137461718958789899861590181118466784037433746599375640241557762806,377.20284998158840738686047718109814526034430661149294347038406868136101572830946555244005240623401736891268085958099393984756134603427967898318704272666608380218263214879317674583580521003644089494800262303175267505404846051390371905590657348119856671434951358003035954441572912011724683077796151547363066790554511423641,380.66973435040695208265221966736504320069472752802751419642535671541150114417869581497768451142438056408391397940421504467220437388160607345224392029362958354853987624631852334535232034801901976947335551276966339397888271246870822011268666424741880792682068352903111714200317272790910465728225968819784548221652524859181,273656708,32.953420952696208318124687249014351997402474668876741330393077980855869421484590573286508838385255268920535033798002305945498535639302922496063296228746003693820401189125421083801129383126232282816797865578021969454678666378504406700724604483896620563061527986603059987042004627887282325035786415267392550352877341933322,12657.455,12779.3041,12430.1243,12544.37,86,SUPERSEDING_BIG_OTC_REPAIR_EXACT_COMPONENT_OHLCV
2026-03-18,379.62583666071396637259717215548861118488971710287550205963753618149786852338070060788197286172072875124640307683266262732986483586881409992732738874536523406952500569141035679708417253628559576722995812825472803556902605472209892091189130174944493147673025645765320254235891402746588590314073524303355864279537447964558,383.66914676776670299163419483063909056206046749696377920837394074478661656595289827035636258111024331023191198434562653674465925884580869484698003666307265739796897272976685471106569872849880392965413111078428267519878464349719271759010912743956077417104200551459304983897145239268635361681724544705974038239613000441645,373.85617771474514738850513193941111062776743128502224428151345716658510776197596721471023867689063226360698598654402131601303296486962404393045587295258904899844659468546007465109802723509249614828115285911361373547400796250099471140086153891328925016372351465522983876838796664856739331648860246798796384809430206853343,376.56393907670169142653454733140919285946164873375230367004767885964073098156332513125530700546786631184800627248761498460189799326733996828011581801222939504532150455797332177615173439162335667548005902187273826640887793226974852938506296295730308372896300601553552472433042700822205537289192017739909971818012998593625,289392881,32.953420952696208318124687249014351997402474668876741330393077980855869421484590573286508838385255268920535033798002305945498535639302922496063296228746003693820401189125421083801129383126232282816797865578021969454678666378504406700724604483896620563061527986603059987042004627887282325035786415267392550352877341933322,12509.970,12643.2109,12319.8400,12409.07,86,SUPERSEDING_BIG_OTC_REPAIR_EXACT_COMPONENT_OHLCV
2026-03-19,373.27308195580762644610083723183245826777634770015899099057223706312143186637615681051418927720878140361649842861052190615160697001742062034669799057759197122986314300776936476083843495074119302844734710777867143258537510736952111158931112023738905618826929008150918393427387391612509395959708755366463330226177351424755,379.38162832763825990452542811909833250328533275995658294130032729351327670605884402564061415529659683369379060623834378783676956167817621019064815073272984591742116351726432568379424395874223906425846483847637102955376631462087111987813736912544405449934674584552127173293365796508794420468365425073371661570797667203229,369.21400110371612690050812827203307825925054312240933300731581417624329676354149641230934486757650557000506933458399881675737028372922695598980990308297661236583068677675630364467236906133353498788881159105879551792472063425074816747483026421542077184026139733029454912244480831595830392217252125152358859897860170413645,374.74060789399230054314334007120293071790222863505292433170767313928606191119566402607083507312938028933806898815587873471775639031679910405788878899834964392768753661344840354787882053476230345430726022145457861873776301729767278810462910090127379439822984589243790400750204151000041348340686971502694682389092897007553,291991346,32.953420952696208318124687249014351997402474668876741330393077980855869421484590573286508838385255268920535033798002305945498535639302922496063296228746003693820401189125421083801129383126232282816797865578021969454678666378504406700724604483896620563061527986603059987042004627887282325035786415267392550352877341933322,12300.625,12501.9225,12166.8644,12348.985,86,SUPERSEDING_BIG_OTC_REPAIR_EXACT_COMPONENT_OHLCV
2026-03-20,374.05743147864177184283900040158449717220983910884806243532673698579775926026469698835729564377535955496565960008630432856577702929115998487281768798828931544451713600872027699261144250522843918827041487020716613701480757171385475766599865303398023682181440750284741181732466734256752159678276585454656495736942879272190,377.33884800153399124610997430113376786854290355106739863294884474254669409904691599779238209603959544927351193112066455942783544119585318213868895923209345323896033691271400346684561175269796056144209162219595125373647688381548949888500328092545035685685082927723341970678616814052525299500617370064347031055455552647206,366.19398081074386126490701407488358656701465249708583743019011942231641541407008702247896046703849893007515407226071693960883450398989389769912114669683509898933185196209174739805914201950969799130289635642927892987144286802344186938652910572749442159683309522307679957149874525731186025864177292500791027416624198683023,370.09010437813619414587775776902086076377089585439752142581425753398768402929761851771566616856296632662444847015906454990050248914062555921214871749336384283294832403962059763154400362785906158653111520133296751642410072351244456506227880699708111143305897371850142476616115322132327863644758235160596476186835204441357,642306314,32.953420952696208318124687249014351997402474668876741330393077980855869421484590573286508838385255268920535033798002305945498535639302922496063296228746003693820401189125421083801129383126232282816797865578021969454678666378504406700724604483896620563061527986603059987042004627887282325035786415267392550352877341933322,12326.472,12434.6059,12067.3444,12195.735,86,SUPERSEDING_BIG_OTC_REPAIR_EXACT_COMPONENT_OHLCV
2026-03-23,376.30260050392157535284285927407547679783046414708343365487277448644119016382168749394402012386182417777368522908801587360910066473925379165230822586997205266993557242951782380191658714004566752990337809552580808580935496651300783738585105809021316025842069785623065299635840208541729413392870861401188749265000951563335,382.31804880243217651882913968861792935365083898934254136041332533846112705241873024698181320630644677655434369456469631165575850440380459964808712360833899137590435685251851832506460993095250829020589816083520476662964843536047550238432931214211628291919737943959111460844181054001441532916727027921977319350321816185206,371.56968672771956077846109986352123165691652477306799239549462968858614797644977234652170516908900884214951737509952829054252724369734364324547467108807865000891261904272594498165450326826375513540072312771448454462749345088793222434943712288709838470420197929043215130749356473531562181258560411641222751402558244266566,375.02874186386540808142742949344905635714840811141392303051000906863228114766301764500611943690659464872446916315346275223710272500957409791309467466843016713417725161108948033205789450773205190890575702918155412040768308516316258381706366647401122329961315373813124251472665973289182273382510638869325260269829532093044,290602370,32.953420952696208318124687249014351997402474668876741330393077980855869421484590573286508838385255268920535033798002305945498535639302922496063296228746003693820401189125421083801129383126232282816797865578021969454678666378504406700724604483896620563061527986603059987042004627887282325035786415267392550352877341933322,12400.458,12598.6876,12244.4923,12358.48,86,SUPERSEDING_BIG_OTC_REPAIR_EXACT_COMPONENT_OHLCV
2026-03-24,371.89104031389810178932650499830372735801449915967358143401038501149269435332374123735256149632350772594037171245307389036607878456054315376980050231298141110420110086584545112398636776553023780024266772870656143550408878793443569465494962277443647387598015540642365078275204180671569160558254821958276292720154452661029,381.39717627622129352293496915691295789119684870269659818885083920066782169929448946922001796936627097576405816844998490173049974316594460111931489759931355175801954986495492148619601946357593318788676669015134489434375325545916487345719087885361879004422898001917527188971735734573500697061649668119062264185854062991854,369.32295489049152503694364113792380911708619165236473371591822670080618939614943600508714844627115648479611000739193200859533353597577138336608491223620011005098926210351043972533923344741689162872329433780866875409319109295402047227541970771130356267530646613518195307267592599118994065810965614745856105561955160536428,377.87761148910894001340323938923276093981626795772993754799956115362681110232917433227778832278388628213102507982257150049578981305146103031190758111468182786353527625337955810971117811601674024776532499634660627279550003616568763105772172686068485421690691352699049255600334972788209913991158912637427319335776819622351,243638072,32.953420952696208318124687249014351997402474668876741330393077980855869421484590573286508838385255268920535033798002305945498535639302922496063296228746003693820401189125421083801129383126232282816797865578021969454678666378504406700724604483896620563061527986603059987042004627887282325035786415267392550352877341933322,12255.0820,12568.3417,12170.4548,12452.36,86,SUPERSEDING_BIG_OTC_REPAIR_EXACT_COMPONENT_OHLCV
2026-03-25,381.62881838739868995081677728706288684902958028930576590527398307460899388672470506845968091433277841030225164878980141982762226146439943398864913748072404842409839035605480516438157738629185521962805374296855174660919111368297964044735824026398649800992241320754581653515456625060426570360790719838089031447925858147033,384.56466229079422962533877240592185427473519421642201827117189482333171751739287146686672826414075715012664448400136151643935816781728819997233888320228037345699724408257227527180097994291990302967701707915813105743225725317973072950054760852061191326915100444752378811778385226561016187282497305482025448752360445495999,374.05799287710861254736330326143826792779973424526856569766774206370117211501716102647739072126139204213244721496123379716231288049619593404462614600670916691153346668038498051241288218476891170329951754981340258705979770225511510447279700519229934756260384628197896379351419113677783559434355789767963341036393743720314,379.19795999139213211353391140207414341096964015535679941054717950916699003636756885148518407506894123493800471269722980510524310662519878519763776389564060245167298026047416062468481296137327632964211395416171902172222186094107609506863449011091967959353933442779566768336800005440723133110349479879644685196141236354701,232022805,32.953420952696208318124687249014351997402474668876741330393077980855869421484590573286508838385255268920535033798002305945498535639302922496063296228746003693820401189125421083801129383126232282816797865578021969454678666378504406700724604483896620563061527986603059987042004627887282325035786415267392550352877341933322,12575.9751,12672.7212,12326.4905,12495.87,86,SUPERSEDING_BIG_OTC_REPAIR_EXACT_COMPONENT_OHLCV
2026-03-26,376.75435936748144390707511195748548968792608014124732913976696879714968576922342454766593463924375047247461618276774554910257184794845245763676847020598982507383366481181194808691798510080869435675452947666220414465117291752765463700533161818125356130116761103702579350120933949350152574343887171885616397865208522135906,382.30615929328038257111984993236347627040105982990723443148328266156614562041789726668704286257522902131394436980808194429777220699120541664730042892634451544201255376288441891652827877444601452874271583982344700589407540145019530465201488601364445296897402615030091448990492594891146363698705248113597145223379015321078,372.05856768557598251348144381499166429366720673389143603291593274519977575583471252631455526764193738285754504642797250301666365821035185635822068266371827644530137686542178903812403788515349104078031116838290154226813519766312844795688602523427003680714228758088414599362000128898649022210731080873292519325586196745749,375.29275087259590156042390953278989817509909388754248423952320786645346149071367340959137209250025077580837453676894257871612464305350695168247763468209004621753275666422032477885752058624967676217178956190141721726281111299745029768953493040478665728848182621468328376453733085184638677068099617462038679468300620060549,221796746,32.953420952696208318124687249014351997402474668876741330393077980855869421484590573286508838385255268920535033798002305945498535639302922496063296228746003693820401189125421083801129383126232282816797865578021969454678666378504406700724604483896620563061527986603059987042004627887282325035786415267392550352877341933322,12415.345,12598.2958,12260.6026,12367.18,86,SUPERSEDING_BIG_OTC_REPAIR_EXACT_COMPONENT_OHLCV
2026-03-27,373.94493936423212364437463815953432468725085150285857089488858434861119425662230837694148741454712009943691968974232918870856619593611871028395531640545745662129887655677130683579684327702388861743875084284041761693439954347020476939368093222455676312284507948402299381673035093187010158226720172488600891299544859464969,377.41057044890577530790401804515469656241950652024899109473076374928811475890901081383804240080920536379797289095286991228796972893112160741270466336913772038993858245214788287489235946536109633938651385218707321532477758909130193558278256868714266638464574788030583841525769066900859889392580293713962853116526130951750,367.02216796737249756736452380381169214848395547729161226834007532008842983365644068509446407340629497121574164634855938010709594979308905539251103077830635829867726595151999501924144263262736493728539237834953858263949382142056687847650659787897836731510132888057954906025198935715834275238187797173036842012099520805052,369.85017481175370602039664634016472675990571228095378933396795221272640099684589325303827535000535228423491998320610003862965343224242382262276637572922570099702300211978392847997824828928162687235758899134007534766137424929016190074626377859072384369007972848244200631479151302566535836947730623377432556872666565397762,234661056,32.953420952696208318124687249014351997402474668876741330393077980855869421484590573286508838385255268920535033798002305945498535639302922496063296228746003693820401189125421083801129383126232282816797865578021969454678666378504406700724604483896620563061527986603059987042004627887282325035786415267392550352877341933322,12322.765,12436.9694,12094.6360,12187.8285,86,SUPERSEDING_BIG_OTC_REPAIR_EXACT_COMPONENT_OHLCV
2026-03-30,373.02454933724409292966621981548745890122277109021727647312188095344838968136640155626669281177061546329268405965525986260411392303123555455689954890956042988587675376809791464367775796184887646098188079679840396196149592640829053900260935004898764844556543843257863847745504843422340224282962141155384676415252332964752,375.65129634855606243426150845334436350057412120371395426858684553954502380189142203663782447199860999860543972767457232512964046699195291112401677117052631855472474503827283815728054043965361226495223008476113781445248985393489985430738623381598058290308720973117745269209010440471536348203110539091450115150330428035171,363.93817252587084959240474532862330818951201476538946924973833163448722521990694020527573143740592673966303450946709881673062062894798367039876329090931452801602554886639446793783135527708786873559619200093192153728182226576823490410722473912203250712386368800153051976859945840849561492480196004696422563505704922285373,366.37076367065884549608424328375531163536563123931739446228521033226895198952708704801549470501854526730963673255202030479690232993894392447141049978368302905691757957559968388188432777801217252464149848125951374198641308787073694233296473436277889260175968884683732268195124618131714720987798402085764151414189383020428,254615424,32.953420952696208318124687249014351997402474668876741330393077980855869421484590573286508838385255268920535033798002305945498535639302922496063296228746003693820401189125421083801129383126232282816797865578021969454678666378504406700724604483896620563061527986603059987042004627887282325035786415267392550352877341933322,12292.435,12378.9953,11993.0078,12073.17,86,SUPERSEDING_BIG_OTC_REPAIR_EXACT_COMPONENT_OHLCV
2026-03-31,370.45319262979830385578498577714881160880307462582030704257781197260037630568854911809067168858343708071168155007966410436274355228955160465475413319031102136540218817303560381613773985571456286870458450330284264725030806639627537125595410601194165684993473832780075914061553870738520486753261263883954935892854318790456,378.68829211733106807585694804520733414832284098112553227563460735180537277020220347643475948581697195318946265275653229594856301235815677842603803650283350277711197864911226732154242700157744087099779913558865991521999009029347216951449835218060601359028321369683876547249096151415029834853213605261054513307322535715912,365.54726191528859864111605039598516306271145307334544144605153465224217782798291973598067650210174468663131984693385948328810766392264339121733012478567258415337332535401090779893008291159545483588449040922408356401214908680770994036917561899165460794500319612373183200798612956059914466450278060013038502434568938958554,375.65720468809627244349836071353512923643101758539352103495407195402040125163762464323147374694620595813914505827720840814291237129576368429975227258600443102110742513411704222783054766391643487301657330191118645736508131119951930300884461969651917707560424506837198587255965022307668202983018771955305010029024653674307,301425037,32.953420952696208318124687249014351997402474668876741330393077980855869421484590573286508838385255268920535033798002305945498535639302922496063296228746003693820401189125421083801129383126232282816797865578021969454678666378504406700724604483896620563061527986603059987042004627887282325035786415267392550352877341933322,12207.70,12479.0747,12046.0328,12379.19,86,SUPERSEDING_BIG_OTC_REPAIR_EXACT_COMPONENT_OHLCV
2026-04-01,377.66765035848049930755353954447892778218679862364192822991274661859728781581277152388924044897438942897932092260015914251221703783121092316051813098207293139987421338544906562669121095197710238729784442963545417572470724670450860838752733900580626332253763732427800107941938867034245034562337028604825275060451720992947,384.93826236961476016298060269662261100881503390435262806250813091696913848423695521857945167927114693080425879896450779266928690971827241127036898436389217204538522818452587800890248778026857709897123109617878256045272340417407793843239457193274184119701228064830515507030410697854484366962706758241343526012940484410424,374.80300497816480571827952842322380441090665596062153026530732302009394099376564697838985221275485917303236668462887905643139280360627029557727118437167967907780422738397442342404705883239883086369461551003091467300340033556156586531099093550102479970353884835355945924138048184578996458512177749342908015717079696498613,380.34394616826378832874259853607865236305593032419581830886429957345699622802328813433926024904073297026301715128421995635230937275060608922924515391936876713650452666206755527197506868149710269746722464849520023069681131485073118247673819784536667342086500451505146882659465036429729859369179045483879712229262660169526,257616347,32.957866495012870609267425039427606335354768973487707327200765433769026849550068142195087547473661164322342203209445434603425991519252873654464486105038556423536051410988551018248451087559357133714750694243887671198888936507729640099587910274659472486657794378413268333237033158500382510166676403596225028773263116161316,12447.120,12686.74386,12352.7074,12535.325,86,SUPERSEDING_BIG_OTC_REPAIR_EXACT_COMPONENT_OHLCV
2026-04-02,375.43813710976584506712530923210720551925086758394236649303433710526934298128832551135177142897694117305816000333589080623910344143784142253436245221746210423670210954138210095195128842328496450868380403995042485802166671856578226454906869859728426106679803187219127033046325304276698675224149370757600916516816773238321,384.69280552242399540104488645658689867581245168941641556430556799772726956102006919872658301562090146170836717120126056151697280592668669238389058365900444470093725708601091853141153907546049391920584768349004957384900519007204560467760901730576964438047264627322493063750214633753824932683007852545315514315526340239421,371.73652917897152627514181908184258605703501194100100281352795423593863232843091815375603297253259312430422068946034820080708565795170181577280587957437414094725976509561424716696712900196842488032546619330134789183583111914885243200526340232799669101455470880899783131616378647875602757524842502637019167897221735823105,379.80371095605142552592789193956560779458050500898282570237110303855220502254277967961376166573841171010139126441023659043855341760928948663467926033738869395141634880491442100368757977052781308824983694630864289270847166966000189359389616336951164606567585335736986626992940019516314099113224055484917109913382844510680,231154268,32.957866495012870609267425039427606335354768973487707327200765433769026849550068142195087547473661164322342203209445434603425991519252873654464486105038556423536051410988551018248451087559357133714750694243887671198888936507729640099587910274659472486657794378413268333237033158500382510166676403596225028773263116161316,12373.640,12678.654126,12251.6429,12517.52,86,SUPERSEDING_BIG_OTC_REPAIR_EXACT_COMPONENT_OHLCV
2026-04-06,378.70154616618262020089311423002691956375378079808072199943005478635245548370091112483118733052600958848549346375326125953053965346953517103526302420341362186782589327775420745156700512336773825215304012092210752409352494070904721450901822635205986706960201476839623423823192860187101362267822352751754632046112731672198,383.35070329603463741700808628109609793851289688774208504465939936463282665406418170255124706513182077106922481056140714105319868796939027601340017555194230975775999419286250834080262017907839116347616698120068616201708795636128175670793717256613047532571886468248321361940698505002095001586096201816151602872043088354213,375.27157292998707579768798188966306008464807652466726151057968663079513114182717419357243433136972843563702765463701863069739298418741897818709320597159645920683072166355970017244104499724584502617328648449340122213212330757305067378057973835426783068547598904767778470011817378892291655949875461902433474116004042337533,381.28924400799847875961550974160316253047249172242444985367168727606630653449592171518581505739702720560901291121451772467823280900040776032352768211631283790771610661936078178859935313347072209556909995296727143675863315712464789636263663038365726023788773386985332007620816028440605295323358974238828023701144242579293,190625484,32.957866495012870609267425039427606335354768973487707327200765433769026849550068142195087547473661164322342203209445434603425991519252873654464486105038556423536051410988551018248451087559357133714750694243887671198888936507729640099587910274659472486657794378413268333237033158500382510166676403596225028773263116161316,12481.195,12634.4213,12368.1504,12566.48,86,SUPERSEDING_BIG_OTC_REPAIR_EXACT_COMPONENT_OHLCV
2026-04-07,380.42693090880862473793654532301845449137832786629677505015937918721518796893815421822997850937950571087194985561448361856933394659567774933012343074872655990040321615599138690487406343225361831069471640485598942741688385345991062633582932740474952596414023091362063253893367149160278860935072671062623480843978729538734,384.24199885378698786942272089013232297686612989641631702524119924400015170990417226471089132147679956812060322966281888889873443261792739842485156769737230390696539953908237634180262817412831180176288058336508017716177020144035984657063822219626487842617099563381625175622584576883625086594444482646434529862223959319223,375.12987989895587596321090251111454748536004570863170104031500937730724097330858804177672493321395702014538054825606862112251800890438419006822978185261365978155449129146650041285154773976275707595968107475485334776916520249582825952304133866520841422210886847563090115883283453142934547229736029716003174088793268576312,380.48033242374789789339590413289562149168817052593029748697083809771406089910640442212309153979860626790000161415973555476749235609012971341697745898260945396419176954147802078929952156254649350561934261179778642819001059274282128986942457498990936160807866345709051447539719233441324580421921434798074356615610056409451,228177413,32.957866495012870609267425039427606335354768973487707327200765433769026849550068142195087547473661164322342203209445434603425991519252873654464486105038556423536051410988551018248451087559357133714750694243887671198888936507729640099587910274659472486657794378413268333237033158500382510166676403596225028773263116161316,12538.060,12663.7965,12363.4805,12539.82,86,SUPERSEDING_BIG_OTC_REPAIR_EXACT_COMPONENT_OHLCV
2026-04-08,388.75999458092338576939012688248728685790968470820052621260203553915295020837465194391438911977824263256748108678947893530923484634356832706511792742690725630886247853670111986990622322532492672389866535972094589804981393628119820260442698321039124781294640436714137695565577469572002228495935105353529328531767608577655,396.58654488383914092131169013027119022650218392348031706188800412500890270516529648567262263665181077085194138816275963720960323203658202543630196630670870252228731205607013044116894068050978457051706459612623488617715885591771617466915299373523900947931338503959795530042620843364777341184732637255918933339925378880468,385.14349834874051875489473184448769077783538568147393173053873414132246026938938018117124802789560990910864858421807621978031601426247826829221716989681071696165494721685858239696767138681169628177691526484834726271818457324378941687316042945741515755894209543735687789015331212544053698151028038504659833260316146228333,392.60035239107327400035094765871059778360104006604992100079882775610882905575841802729581881304276394111322601808069346065066092004401440347029653740563333679392907058274842143335043427414668515291189767644721511419099290402940261879901247731199962887971090949654734550586081494514510536470744544059908360105463423213704,317705388,32.957866495012870609267425039427606335354768973487707327200765433769026849550068142195087547473661164322342203209445434603425991519252873654464486105038556423536051410988551018248451087559357133714750694243887671198888936507729640099587910274659472486657794378413268333237033158500382510166676403596225028773263116161316,12812.700,13070.6464,12693.5080,12939.27,86,SUPERSEDING_BIG_OTC_REPAIR_EXACT_COMPONENT_OHLCV
2026-04-09,390.84703804929863256580732350634864681973489631136076715286214657847665763175988271078133982481382346489476869227577541566277298149762010191296503257095153286037597305034053374673947836589699382354513880492850046303249679294678688554256255900952968206040308398447345419481649431176342288959132234011353304438939435763780,399.36261353542630034994223183466585131141611995225745249820723908861488603571232283786225810599493179036026409276974769070901619078586718781571200119938926584411984129717481224676855055952203086211367016966793116605740350405892283675443843104451950734794601146349303194805055449280923036350062136125852295193532739693603,387.46667664098786403560878070577464856915568279520115469607451505050837143086234231837805791431565101704435255952165860551008586639980982183662193113755591570148345123194670548149088187802204128183853426097348185678896643699878885523606775515898150519531191977104480647444914315115276031500731310221792928445272630496820,395.15118498251912296595793353733186466771949029070346149099164060022260589623841498257650771493695929869749382540985839029792085538411475618723867014570998676137434508153325703767068066876386030493397673520934706797388709665888746945653802389948705484267478898234871017890838652010090225735901097556008387197198098777763,241474684,32.957866495012870609267425039427606335354768973487707327200765433769026849550068142195087547473661164322342203209445434603425991519252873654464486105038556423536051410988551018248451087559357133714750694243887671198888936507729640099587910274659472486657794378413268333237033158500382510166676403596225028773263116161316,12881.4845,13162.1397,12770.0750,13023.34,86,SUPERSEDING_BIG_OTC_REPAIR_EXACT_COMPONENT_OHLCV
2026-04-10,396.18265344863309507950390100424907613109057052606800424065388245386418843093708866515967673146952943288420946844726723748905445240905482387621747117460145477188109072904355186779695978224342536723864072142030665991862975397060838344882369532506803227344125939935670410681974860338963851821992334420689223910618419219291,398.06294202888379918505111876318714553978434471373122893720908252277799817207658617102182583884497673356345713468410022713719995462157559095097325859630208545437869860666988584960291052555007359078375762151035698701992027008448733900256581801667918546579275490968411112545838546558859450913572833127116156830854810375213,389.14612090988116772908345317715537749952504078901316438227189062387886328907245607443902952535235159772843783342074121648204399599439005989062683532552675719884358735963541200047567511030905457719577029492678313623624787116493537692781643248073817220598327904860877099634663121282931781690638513714133775589199746136846,391.94223940298643607880919050744028401273712683454361324259397334206305981976447091227217015975282582637547451646335567875403824849022855060446479172783789801917127346274552998268108939660007030222911650659339308218487314308745456759538182442943609955253512100680014525280116302504432082929521204950999630011924024173168,200070486,32.957866495012870609267425039427606335354768973487707327200765433769026849550068142195087547473661164322342203209445434603425991519252873654464486105038556423536051410988551018248451087559357133714750694243887671198888936507729640099587910274659472486657794378413268333237033158500382510166676403596225028773263116161316,13057.335,13119.3053,12825.4259,12917.58,86,SUPERSEDING_BIG_OTC_REPAIR_EXACT_COMPONENT_OHLCV
2026-04-13,391.28044292403958238393063440189776110901093241049212956175905579634992514415550926613907609629647929821544717195545335989465624119063220430673300114800076416524078862626645821748551318893811973969971956725820238421512191239083558632968277719149664276305191127633088668020125430648856127002471971757601930377806034041827,397.07935657729198367982323893477048779281267897706337578699330269115590560686824166359104734605732240009164097874836755952385621299902388830101391935406501548122088446246126013251807846846017934038985937215011643182748779166190056106228984659274747173490429489658674317959972254469685953599003131764001169096203740279683,387.33157384236848813827134492580870453376952574375218574471634283983886489895315613492643041968660042029503093152481582351602907665211308292211344732107275524817021733447151531263867318587485075347629483373135273726326308215871425956328521371877597784022557148188912526446431548085770166026761980341183502709268687683652,394.52230932386153709703017533446929982952521591534650726694105993967496958951158485418433844580147873893260066159604604346978991302854135365895950492596543248654078094008429763872373518790219824020616249952255465254885855365092828115963176076602346538383822384282945925766539208047053837883797715584509496777415312394040,219073867,32.957866495012870609267425039427606335354768973487707327200765433769026849550068142195087547473661164322342203209445434603425991519252873654464486105038556423536051410988551018248451087559357133714750694243887671198888936507729640099587910274659472486657794378413268333237033158500382510166676403596225028773263116161316,12895.7686,13086.888422,12765.6223,13002.6136,86,SUPERSEDING_BIG_OTC_REPAIR_EXACT_COMPONENT_OHLCV
2026-04-14,394.73884033023234899851890727242805811419064839046506949311225049017733139567789210137911789482583624755475325800646417840418631843547714713022375895339832180291614024700862380509332409699515341604627793078718513569774529799213178847948091590873835934627442996051716643617689220171504159696971541512529188501682243608572,398.87273959281405435589539100669492139471017011798748292615703090578170238108025852428550327717535093051407019955111044053486439932573886362532810538024943559487043668390276600198505759009425146270983856872072698688487365527124804390779342451266409569204406829692459497928833624126289431869586485407808332589596591270378,390.17325657126029427069783175881664609491643606313016906149283910682769636102793309275178005282591743671992291332163757703164519479443936594801316179089636312281112538018690494498139529659126465171512742783810183861534294202403353319896249895034261328605295310767330817197876514869025208455897043663114779013508758259608,394.23364986219888420397440489489690438966855732063657598577657386528742555062029784295847473773604972794278633767780239562047181952489464596765582139990389784718920054908109302346079059743389146359021216875841019244204184187720807445433716308255429378063802580854574477308960561479789188590274581892386105093173734548781,241428580,32.957866495012870609267425039427606335354768973487707327200765433769026849550068142195087547473661164322342203209445434603425991519252873654464486105038556423536051410988551018248451087559357133714750694243887671198888936507729640099587910274659472486657794378413268333237033158500382510166676403596225028773263116161316,13009.75,13145.9945,12859.2781,12993.10,86,SUPERSEDING_BIG_OTC_REPAIR_EXACT_COMPONENT_OHLCV
2026-04-15,393.06864726696687734203262031305389067154542166194979900633749640647224087633613032666303842184299007586944808705081754206110233603115736580921987363389957939649300975979427789483505009408514862943083143463187090819032264998485240677648060001270633475784999227351189765960387251174290044260526186521685534528278141511537,395.64016687709772428343062371245598281748844616236364381324511191261904701442335057115641167836203927423878730857097836381058068250382439415935352708412472775751273635984319701188229968885364187315833931007631885625438453481849109879676644344272055353140131074558341243289241847022525805901250292232859710860284866703412,383.71567837722868794677486767442022658244871244694646839006717035475148728043227718697708684939618257810276401123704719226933952667783560874518979760860739845918030724021570247089893967399244387624508023422463429207564657703323343432162079528879623565885342841210355737529298126906121267140837797681528516147886609908368,388.22916531736509948827564825816851602244337940690025630804722097143830139400332392282915476342474022051875068011380698997583633832911542269039564109066792014637342087812801770626262597611444013327608412877150828455096032837560114392938555452040517235835753385269895919989969628079815936710942795089261398719484990827931,248419441,32.957866495012870609267425039427606335354768973487707327200765433769026849550068142195087547473661164322342203209445434603425991519252873654464486105038556423536051410988551018248451087559357133714750694243887671198888936507729640099587910274659472486657794378413268333237033158500382510166676403596225028773263116161316,12954.704,13039.4558,12646.4501,12795.205,86,SUPERSEDING_BIG_OTC_REPAIR_EXACT_COMPONENT_OHLCV
2026-04-16,388.50224124603183721505646035413130181948234755275349604174218130921662887781823973819166457806786806895765171812929984553460093233483569358908101274120544660892852341754830461525272607577434456625901654567038202250612904234173206385165429272654189486159492128497226082545483402165121430732140070703165480252082375120341,393.32563598925815903073130056754117990974104970658844010594300474746278288993786076810274793607236388150364853280455325184017170917667398252674046927897988402233181059183671634614350789933711416253047363006807365013214133724165321121335762674450968885571595422614336193225788177810950168187777871582241998366437615198043,383.74872056459736321171534593803172366389042759259471039784426055562266490597388200063595053696800104776387103683692182779195004255252776152393072757832243916114947464748555718688784060372737827185112389270846888421592094452974379904163906843110239432532939744422587491321705908245647570377870528863277976322856641971085,389.15413417129904388837709900766024102496926206538203556156842829334633621001418043742094495224649049381429491832517362349905174369182458472888714717584975283648367653526440064188417325592489968969043213707409597108669810811275444874988605083878328895151154639134953873465925733990477747312472529318087821197800238274895,246272977,32.957866495012870609267425039427606335354768973487707327200765433769026849550068142195087547473661164322342203209445434603425991519252873654464486105038556423536051410988551018248451087559357133714750694243887671198888936507729640099587910274659472486657794378413268333237033158500382510166676403596225028773263116161316,12804.205,12963.1738,12647.5391,12825.69,86,SUPERSEDING_BIG_OTC_REPAIR_EXACT_COMPONENT_OHLCV
2026-04-17,393.12356587039874348486298363457529537072770303350472833055837176329210451474779672953038761789899689872216040691837777190125388215897444251217770948806323749618464704827769115097745810876578645576546797354152028077795275435798322406327630670446692255303831541080953736983307345145795880787469196453681972105583403100538,401.75190957835783320625939932243197649499504100894343043082020756136221424384984975876422856320262177546632465162217012994413092367851707939515290614721072279667654797266857390944566712177828885197988447222812715672911398556349692047350719112379909759550094094085634694684704362118646360414560115909924630191217646351693,388.82569058100663249450410625472935616988177068924513006497940533063713183814754702429471203651883156783858203429071728318210563511481116379287721261554546211960962387207365378272294497479854306709365193647839126656742366667160980234381652896180875721271327096983855747133629851508248454105863255290776935302954004832293,395.67822152484592677864490088254004125600469881220021417702291405213477794000120250622615165719819604618457282877975960152633652181515487902170143743124741283410569298261441077202190320700494031703153213623915375193648229183893414374857830482297124991913893301222173350025026469276126224920657792328912412495295879731779,340446471,32.957866495012870609267425039427606335354768973487707327200765433769026849550068142195087547473661164322342203209445434603425991519252873654464486105038556423536051410988551018248451087559357133714750694243887671198888936507729640099587910274659472486657794378413268333237033158500382510166676403596225028773263116161316,12956.514,13240.8858,12814.8652,13040.71,86,SUPERSEDING_BIG_OTC_REPAIR_EXACT_COMPONENT_OHLCV
2026-04-20,395.02132220755316324699994734058511764423873655023103192874559279514580127060198835038189193641778294410654977622026845454330835956806111624875273784967658528807036298500894281872731585841386086762401681892317859814240004924339493860955025990074403375011209803602965286264120169678039122189131496861127942537876825810105,400.55320334517438053688337850990057805872180692621067804069353433107989999522994796605716159152005252183232737065878422483424191673794045735735476828904895052435744519440530825876356928740312172860576609053861116134587526120156854553797027591355312546212641159123123792137007863726356985279779723543194528625441719200436,391.55063941874737862068127993475978375359001188111853902315094371901101226372442113584848566856075905411914246458120507412091786186622549146005334593524540048765183791779885787895908595220429341971564825366050405109091114730279128896460284154457617044214287657362916181380973523604029220660981586211612367632129733263802,397.60097948035827897265601894044690080693352230139130327971731811935840156770689308617306798541319735235936824867329096338843789094209860867166721537508775193767423164073258648566262393130079512224395626112037656196498835865403849271597145890915410053678782608001642042468143350777892035013285789102248081569859276513513,220741074,32.957866495012870609267425039427606335354768973487707327200765433769026849550068142195087547473661164322342203209445434603425991519252873654464486105038556423536051410988551018248451087559357133714750694243887671198888936507729640099587910274659472486657794378413268333237033158500382510166676403596225028773263116161316,13019.060,13201.3790,12904.6737,13104.08,86,SUPERSEDING_BIG_OTC_REPAIR_EXACT_COMPONENT_OHLCV
2026-04-21,398.38865182571255801568156138613511406150370153098575922268633704921677728768858359359648518409493056852313168721575702231127443098526507895276413182486043937855539407666043628093014721015186893973380890042144911829904225458208595942288642295655693337055276583957775634459806696192494682926827409640896427924213365561699,402.81327985866081310088786571385711300314188825627890293132204757199052363802625672312959240443861440905709995832227544481894924374708351674753775537183604995483307734824539015610807828789997748863385407540938840999458735353662847628493265008358395932052005200310540455706937504853379430360072805681782205902602271067749,391.13222034413626233180875160523244945377592537834683384808425015789649096735725979395825424123946331461446100964328845448464280583759397148815878903132955632943768513567512004202836345865090510980895465787280183449583705269946033808715033015789193642717324687594024183571646654294964785459863524460322827084880344596673,394.90405126707572532322129859048554352139922411870627953199770149453321952338591616967343633268492859586028838600583735601723889780893791102392840880197352531276197728335789738503184063844319891334020828838853319259694300410351999676936107824499059549290906992866418714360705703571019389994026964001837435918626417200984,256656475,32.957866495012870609267425039427606335354768973487707327200765433769026849550068142195087547473661164322342203209445434603425991519252873654464486105038556423536051410988551018248451087559357133714750694243887671198888936507729640099587910274659472486657794378413268333237033158500382510166676403596225028773263116161316,13130.04,13275.8663,12890.8835,13015.195,86,SUPERSEDING_BIG_OTC_REPAIR_EXACT_COMPONENT_OHLCV
2026-04-22,397.70329192829875004095656320573429121889078903337098376660836325924601493164288154499555499596615591957447650424976228660445502549624180350170800128682247851897821005883538731423132861338392394658133617281367537691496404901033374057162052043476702174239338030794292417404746061167567418975716959608578709811941043577355,401.31397164320101554187152694608987996148815803859090424234396200188182649522289560087147462879689001986156041471143500430997217172501002050446676040076256855253331769458827267600847585188808096810027707188617296318682234326145353074467189821826674877268416936538696005215751741349724017200426319048643129451395621153796,390.57498767245288769848931046025736570713369673476639847505595175841131986671751624592541365814124425215333819371416296660599574785605464714276583487172380288609135522934606969302866311549257725647985133938834041715196708632052460044631556185205785223014638886948917612974466489232086499160032513962122666427297858386207,394.29918808507890125840179979792797298095790967564135352186336434635422414673587763864547709325040041156812258680152068095457532208626751098334031059603290419820242515854196188161785573134445005597072907489780956519641274763443755780672861460366777517741211297432797757821841774419104987139138492920575439671592548018316,243662910,32.957866495012870609267425039427606335354768973487707327200765433769026849550068142195087547473661164322342203209445434603425991519252873654464486105038556423536051410988551018248451087559357133714750694243887671198888936507729640099587910274659472486657794378413268333237033158500382510166676403596225028773263116161316,13107.452,13226.4523,12872.5183,12995.26,86,SUPERSEDING_BIG_OTC_REPAIR_EXACT_COMPONENT_OHLCV
2026-04-23,396.92193067107365782539439952848610679162995484536958047526251674608296055795380242530496024633395276924130100080809872923230993384787420170360292453741776946745387665937413970530515915285546155614811084710075587259415715312584381451804530028493613013525057908149524430977261300894309709343933144786468350233995365524467,403.43137812066701838753200786599901322854635802214618262721613379787384195339185817400878795288951285640360449450240967361436094345923115925101547125710605651861113344280522889837871399822645220958922229497577652822224489340358567702584133969896444144619633861307025901213097186418970000499821636508216909309201927212111,391.42195390445167105992319323904896518443427058109712120553460307627929642768488547405787715457582196180813501097772637423249204007766317891166396835254987190620864893000004445246710018669699987684675351758435617076899171916093364933963761139684335438340221401681287496754844169268614918766192847929022526238192059797554,398.56994390057742000651660052762151907676012760559388226811160238457516692277681937101770697770522933457006876523159811252945425867239603657716914244841174166897392048477557120106573767964532685498812400512764152478436684038897023086226659702682310087327999051889769709499534365548370096630701607331830707316208652922072,235849560,32.957866495012870609267425039427606335354768973487707327200765433769026849550068142195087547473661164322342203209445434603425991519252873654464486105038556423536051410988551018248451087559357133714750694243887671198888936507729640099587910274659472486657794378413268333237033158500382510166676403596225028773263116161316,13081.700,13296.2375,12900.4325,13136.015,86,SUPERSEDING_BIG_OTC_REPAIR_EXACT_COMPONENT_OHLCV
2026-04-24,397.71400257305645653179585505794260937293020633953611639171884337027220933184139990975366232536271415629658006718525883971692657012779949857140088308600467261245398241399264967855043987141150082588852626431777449630309684382892488353685898162058281419763298701824867881109866642308352896633189491497229713351292468354068,401.04162998536469282097828103376290521070345022930762544215515922412285851419779322581249511832202480408179508837593936287393225584983846411197563163844093188335530776421842698292959506813201220202629602131318146972675152672835105539011978554123481836933855636745501760046381691193333406118606554996966905757229036786997,390.98663585975448207728605597395553561786417947113591099906342696627955395293765161849771113933177637478129359062571188705456407563904700029997981006171697469094717230568294145163741398005980727826264117303215130790693778183287708607071306411444826811359030603656767104193386047080034798576739860837911179091153407433130,394.78602178235199090575714758456385054912349233122082369154510197076014242204813588947786264613362111470169671513025211067017286773313214949105217594413008331950204963020846226547988651202086447026349057014256990241162565354225618315597540149436296688866283158853969819842014707051475027908244719184087166215841036806445,219545151,32.957866495012870609267425039427606335354768973487707327200765433769026849550068142195087547473661164322342203209445434603425991519252873654464486105038556423536051410988551018248451087559357133714750694243887671198888936507729640099587910274659472486657794378413268333237033158500382510166676403596225028773263116161316,13107.805,13217.4765,12886.085346,13011.305,86,SUPERSEDING_BIG_OTC_REPAIR_EXACT_COMPONENT_OHLCV
2026-04-27,393.86439052310175107787190676068944848411697483896613959032461083075828716417279501262939202171306462622040571182796372315934236296382623520798904662356593150837857855966499394763443135641815740680390770520569245310736045072935449353047367453545079359110953731781727236950703737800202217617300679903773169018427248395470,399.13124236942094384599033376380315985638049199712368809939713686020059312150891833230150048471035718944128188550450982736864292283135386273372030103036994272854051525113599026626718307868161197280199036980956462679388844554949137337822319325169539055222963292707193054037597992490914365178684303419143056464085603469333,388.26538428803726446877100996916304684532398121531192433805962921090563356260664225714006898184024041081669692112259519238478048231407412128725794421725088073952364597827312842662468021344170161660492253368778964431216118609440337873775678569250043492851115379952259624778646809119305505539248869064697710213244502935701,393.14255981832600768674796012036115136061063570676074256092426567123090818195536754068782441167306334684691063467367760829900795280870565246579738089397840322569125751379736888486915962052318265219746041888293721503123037298792962551965361484306515974009222440054309090412941934252442277427074289658454985640998555776829,222843783,32.957866495012870609267425039427606335354768973487707327200765433769026849550068142195087547473661164322342203209445434603425991519252873654464486105038556423536051410988551018248451087559357133714750694243887671198888936507729640099587910274659472486657794378413268333237033158500382510166676403596225028773263116161316,12980.93,13154.5142,12796.3987,12957.14,86,SUPERSEDING_BIG_OTC_REPAIR_EXACT_COMPONENT_OHLCV
2026-04-28,393.78914293386913890427008298313525862004401472766435797481755509323714803529935154350727820612251384131724187024147235851648278594891664944924018865764003532758561697102473711049128220531656856569383984839916786226103766094318147228168376608220392130063423242852321660515396232161188184367076886585467860266857647417391,397.13579160169750606911016352595100672627989518750646657959313435106037871761169716230508404383735525001205100929125426735679841878008739697052447715315651408063980829702413417745267674113688944147715657670925318519743100965341330661985319926502255802405716954634751512716890719031625573731016768071790291041959932165974,386.80838767063588532753198703115360322522256667311196373893016832868936727271215892427339786581183177547094043279093306155099199099655361590732214377580790829856089637919618762370318519646926716729232705174661313656945996757285351787925457267909017239585249187858876742921054283549648019263639758299128624452550269223043,391.34056210682405728746880118933561263992793368651364169601941073115814493042560639909010686815580080031509589603588642033956025969762488705769468952448688138000819753422283115987210043599296032274703019675337694521458254017071808998344920457444700303608841378025577031410142951372672297270019827540539408211014819226778,239564853,32.957866495012870609267425039427606335354768973487707327200765433769026849550068142195087547473661164322342203209445434603425991519252873654464486105038556423536051410988551018248451087559357133714750694243887671198888936507729640099587910274659472486657794378413268333237033158500382510166676403596225028773263116161316,12978.450,13088.7484,12748.3792,12897.75,86,SUPERSEDING_BIG_OTC_REPAIR_EXACT_COMPONENT_OHLCV
2026-04-29,392.28828728814689649813531961349090312554039702381652426068186474788104037008770589829543954153114506098054855408187745849267271456081073833774330991388017460866471173631090467124190787439323286957524524975592530516569666489001008579174538411655784471224558003385814947315596779342119577584855021298110204316533100726819,396.15749405307193297694316218314103813299004692756339241985612010807687852542827442137094416054707592044803871947810649573024027448132779625075192559986526400046434728174496276724943424564590046343843973871160862339241922309331544029581200189249754344274597211609946845574010846021568999014016515855460779804533855722608,384.91794066583877857854852306224571818487894287042299852428151573521020374917474655007976339333166011882976564793992373767606044588702005475513526052870728163165623868710341896888442630492798315865054393447486429866713332145186932033551265053469459259800894885696435318453909764637341651441599799960988368393521498571111,388.80854141268636136526227125510289322182772348968554660970336182142465287216397031108994642015924313895661904910334433185301521861125193078043977127589170545776116343259805976483863934702228679445851609132918028977696473354963709718982300232948438801003422804885534741250716407503198830632103927943922217216823541694101,282870629,32.957866495012870609267425039427606335354768973487707327200765433769026849550068142195087547473661164322342203209445434603425991519252873654464486105038556423536051410988551018248451087559357133714750694243887671198888936507729640099587910274659472486657794378413268333237033158500382510166676403596225028773263116161316,12928.985,13056.5058,12686.0741,12814.30,86,SUPERSEDING_BIG_OTC_REPAIR_EXACT_COMPONENT_OHLCV
2026-04-30,390.16302836064323234984251934131119552911845426735604382657855342573157700605082107926747982410189539253006140888663506129732746761229177669024129081496345199275253370618261842086810643479665074773570455972488067615776134162573981789855587006591806041370994586081577263148371932957458792012307451529220970631540277095116,401.45398677435940753231627533475986566582327163924138869513382466573870094042426343660167882775824310535113294026991204111680273789154299406991937329171484295410073726996703445047908242623908529512794974185990914675842668510835664869406589470026166655716919952245667945415845657665547988475843858453608802620471478992660,386.67651102137954812155848718537959642599660544011234338992361656777930032151092702458844254685628782924839247486843175831837928602517312357546305101615660379815700652479976865998315964740367523860893944464153532386115507801534873046543225109407385256979824528986097737487261062313403926578399254249094061854930959799114,397.47688164166417260570784988794825703916803566622021988962705281030136163339544801008054963631426480790213433250847254347339931433283239667437575203612125380080196837559603387924287026732741015352719721500300378452165754773189406408978394573212346332754202536458090038443180315496507204767126559498315564644378157245841,343882221,32.957866495012870609267425039427606335354768973487707327200765433769026849550068142195087547473661164322342203209445434603425991519252873654464486105038556423536051410988551018248451087559357133714750694243887671198888936507729640099587910274659472486657794378413268333237033158500382510166676403596225028773263116161316,12858.941,13231.0669,12744.032827,13099.99,86,SUPERSEDING_BIG_OTC_REPAIR_EXACT_COMPONENT_OHLCV
2026-05-01,398.90036577426417265592138316373648989117727906207630234588250439328694317819286750760634385342341403118113902123034446775555941741931756436457844214556214868866559455747411836094376878041252226303203270946664178921645794117360724999372878892854066603084013798726916634022071069563753271539497157880353711059747997893757,402.92452492364567167882888454370577498606007412405182717127973674781613029209947976151238195826167706944780959896449800099902196679848049466119776055178391517953441378719322792534270280292384049257867943562197311277802829584037020773908990193336684128203841609560367780605447620889845715924958644765539198979629485472268,391.02850610642863534317739917118578340806052527655177339722690422160828218900435476728357301363800335777736639540500426794342401303422141260083808487845540377895925719120329507399441865726771541611892793814404370836490377579951904568682712990633674589970481559857966156775775677304119975673559350085949666639768683144256,395.07502714019095499993350705279113218432306695224883574303893499490887234241892179406985219996426475429953364702998204946986539638918610285882752760761563215903953315109493257749496634413896329268338750529498109251799263527011690983174335863216830838715146765977217295741981371237553607906377463152000119979061742280244,241817752,32.957866495012870609267425039427606335354768973487707327200765433769026849550068142195087547473661164322342203209445434603425991519252873654464486105038556423536051410988551018248451087559357133714750694243887671198888936507729640099587910274659472486657794378413268333237033158500382510166676403596225028773263116161316,13146.905,13279.5327,12887.4653,13020.83,86,SUPERSEDING_BIG_OTC_REPAIR_EXACT_COMPONENT_OHLCV
2026-05-04,393.85377090365360016627487517917978459200990385551629137845869570651135220646888161980973886225472076544778178257180566766539040653027044689526239328160058325705699123868753834561877621931713222730197934883963830230692396078339522491317606247688480712523290575725525144424238881616039541280695073237673763107662698728074,397.97105804724141231193885951094224506987622168749929939437036603490087493660584066394823823088011183762706557763717611441624364128518418024403004626637733085587251893776694642221310213555776358308528041696136996415306667372255472490938951899701420458054701819389650142178775538552615217671269079104479833934330654142635,386.59067636941783608186861358313562801083437688011854695435445178294927469553247387427666267992196119203720191967175907416312492528885976482072912741979658456225293779574036710613793702361013402913759772482044043943000265332737688806603329935677916914637310192300897546499606838249712873825552251143144518783904344514404,390.07986156947928478216405201297408487693136407982451825879434383841486638014674505149985322388669390002216943719769440384326371737121630307543055707117196754454547414389917326336219944218703173489768933308800154226229619327129662534358304225203559589170876916275914149557158370313664187804679975505374006759650457507276,256010933,32.957866495012870609267425039427606335354768973487707327200765433769026849550068142195087547473661164322342203209445434603425991519252873654464486105038556423536051410988551018248451087559357133714750694243887671198888936507729640099587910274659472486657794378413268333237033158500382510166676403596225028773263116161316,12980.580,13116.2770,12741.2039,12856.20,86,SUPERSEDING_BIG_OTC_REPAIR_EXACT_COMPONENT_OHLCV
2026-05-05,393.10448089716192370373574687809078511891242403753342968694791286857404140504562094643449665418671607464793054548373943788498022331124132580159180962493122592452385154857820665478230047608183855952821379306205837793697883085540494825895814943861887937662143127133225012375017031082526682826997178026357360941581375314931,400.15371450077383954442624447667004176543801067079428800672153918715870075632413395496744903901607316728776039990063049326275721962043881260920352287099648000614197335387538342211462406563630445890750169833645477757693059322199319045259114634942499660238377710864882745523515919095184771580371671265658155547724165100231,389.41161746443891089095872673294355175299730513010705530646940639583752119450326455972625545647349574210733470706998183700541087937981822815925758410514158653802688271968378916837158226161929881578784446116204656534829703806496319573018577826946912818799525947267676804519760931706338163086599607116470687270720240396956,395.91549416508747000347000650369881735965411335670825136785564625673772470927149602579668796281033602116148461958877672713406309127345849218033694924315890804934801541131070450850156700667624901791628141440523136115285019986973121959165413351377591315007123073810325883643971091943559014216604031175443720946637983426579,249493913,32.957866495012870609267425039427606335354768973487707327200765433769026849550068142195087547473661164322342203209445434603425991519252873654464486105038556423536051410988551018248451087559357133714750694243887671198888936507729640099587910274659472486657794378413268333237033158500382510166676403596225028773263116161316,12955.885,13188.2127,12834.1761,13048.53,86,SUPERSEDING_BIG_OTC_REPAIR_EXACT_COMPONENT_OHLCV
2026-05-06,399.86851096669731347660162231462321980361276746184132161507570377749037355081134904500489531627151662984652283467460513832989949136759783145738431310393452584057761809389884221562076752977361076480908478291302278791504812186415513176706562104702687678451986373884397875628079245806389692842534176956504502697070487252779,405.72151422554568840330557846367447393842493999022516358497482450618857548932321549755673415173773549467820144420611742382152027972187056001667930252813621455647047005062349726691402157757296722750084562175338068078644807822393535322043225948743772328038106144671329788886776244867018744927176882613507053228839377204744,395.06073616659072905889864455310241306094469428594918286364223207056513987076594119973254751966460773023123115937383792336229004930288674201512965982457083494083248278486527089592521066326096860554879829557212402050945803528273662347926635338650454715039769899165821182357805369841521945502253709814574442695445188558515,400.71374164946057046048307593209381135340327142173395486635798268076713674154825014151083263921747357139790796978544785802995563528063667439345969066715940080362178380952450137381695407997985991460149243221879069700818532360560933612723477526745137100492726052918724240312626387905621415182573760902454493122635247044070,306093249,32.957866495012870609267425039427606335354768973487707327200765433769026849550068142195087547473661164322342203209445434603425991519252873654464486105038556423536051410988551018248451087559357133714750694243887671198888936507729640099587910274659472486657794378413268333237033158500382510166676403596225028773263116161316,13178.813,13371.7155,13020.3590,13206.67,86,SUPERSEDING_BIG_OTC_REPAIR_EXACT_COMPONENT_OHLCV
2026-05-07,400.80740669299326150076889448100904688178763749576161609501535407662510306849676626618017350564006642341245102582476190748661189102459872731170877314329377238027818398054565978360024204249806703604907103865889597337592665922188243065168346056049571638555747941078844023846595927719297389194089374772363229763956783557931,404.41190882355368835710912784994929971457643606603756772521980904984184046810958955983300347199731820926151713058199525348193298488230420574169282762745059125963593396329565954374843645195262473252980049510324256198562299295054516424950958465253194621648573850946124805846453910840724300617435555868903011755364365490646,391.46290315704374097504134701735022915239913629327973591048957179537547762459117551677045973744719588894737288218947183621717078408545429864553794363916825476330468963968911325384263610011718058614259767322876295866809233126502186283214233381465458113281030059621793844460828524113882419383582692123524907727151732286110,395.42426091118586069273874563329465046475845843655670122468660093800093338005333079793901752958008714713639486342535124585668544938983502708592404179624751322392944762095354394666078076842376473791690915210822080592905581062501838937880676210562377734591217641462201180446352426095395719757098373169912468729795483070173,303208220,32.957866495012870609267425039427606335354768973487707327200765433769026849550068142195087547473661164322342203209445434603425991519252873654464486105038556423536051410988551018248451087559357133714750694243887671198888936507729640099587910274659472486657794378413268333237033158500382510166676403596225028773263116161316,13209.757,13328.5537,12901.7821,13032.34,86,SUPERSEDING_BIG_OTC_REPAIR_EXACT_COMPONENT_OHLCV
2026-05-08,396.60462251031687895882457989102392664626616361473580153225861049936982798459384391264962078638118583441859663687938526424759344815976070736979493790997428677410845984417975343454450667025245052734167818313828794002733734449309158796533571254865902831633130435965753789801807733061968680872595779593173911599037976986239,399.82833542923646598504268083726051706207284549273862442269953744601789761510920126376917317787496489827786184973723690610263724704282291915772327970365933264179215017473813089382111558168025405676179741396493370579343119121092574130110158090859317591967902956998965442312905472835181503351116727659017919867320760939394,388.21316003376824347151155066032180829933915099612941364587787746275184942203528302365096321595537911606858175816345449205280874684711348459050047069670585956759588570151199533465159914586263672957740949609231738368229775464698820897788593918756389718268561717763291261169387590051249302019065673311443946616647773353256,391.74334910160749543447049903088072169056041170164717030321947722938117796905260722674980884475441437676247492710873838228873803585606228663325561270902973291227697377986775435063446916828675057797255029022341640620000537818043588690840678120619452713533802361871181017676620649150794511722788102571613283568156681687136,253437897,32.957866495012870609267425039427606335354768973487707327200765433769026849550068142195087547473661164322342203209445434603425991519252873654464486105038556423536051410988551018248451087559357133714750694243887671198888936507729640099587910274659472486657794378413268333237033158500382510166676403596225028773263116161316,13071.2422,13177.4889,12794.6775,12911.025,86,SUPERSEDING_BIG_OTC_REPAIR_EXACT_COMPONENT_OHLCV
2026-05-11,392.60611732734512735236076480295870103931630717135126717295461025212859374708339958339791624246300775124693615110546497649023483925080183141149100636270024013036078941413618304587304740265219520804905055747970665594545345196089011846811086090449891989873693219535345495151333204348824095456670209580949778929652579126828,398.59657487197639730682721372502446764276691675466225876969649868329383781528174732781144862929548192485616025868339789912100177913448722344025538141482027355521665531798103629217898404910289074702372844680332152414808042820109769187035925861697598529268911458714953757912990395686090022975680562267282168868499212475811,386.35049395344749950726592130864320400074762488614525135347045883430266774785130808507354140861823499920859117224655464135005551976776186566440651259218658392614850044109625053470792585915031361765478946386931187002748695699276770518742975858997610433770063536695613095317447117610841893269752513109140039451193595903971,392.37491304107395607701967722837687573115664747452885753175954383280960981078677085972432459939849283956866660558568102545048081632595866871727072503191180105873080259742700679626118314053193703280434260718503853398709900429097365763783686864009726527280419684478296071038660620443231774321100955520600717701006214305162,290271545,32.957866495012870609267425039427606335354768973487707327200765433769026849550068142195087547473661164322342203209445434603425991519252873654464486105038556423536051410988551018248451087559357133714750694243887671198888936507729640099587910274659472486657794378413268333237033158500382510166676403596225028773263116161316,12939.460,13136.8927,12733.2880,12931.84,86,SUPERSEDING_BIG_OTC_REPAIR_EXACT_COMPONENT_OHLCV
2026-05-12,392.65162998212291697349090015228583200548946852899347379523710364175831499438588555262500121157019572598675299077471378575002893825175520989460523497112316120745330650403956419737156375557403001578888062515223630404359751904888870554710596181039055579332497468941190986083336122899100463512650539778251544003360642806707,396.95761259241944488836042564235857746910971334976107046713199156355266201583895142517899486211398814143731740310878979569198850746462165043436447976642133959189441005785839052807931732139382904426602498754333229427218903350076949705282018967929026952888981447502442203403129047730606536165836123873616507993219808954426,385.60583410103521684218309877709241798460882801694652348233321499053702058798695365096766797807406823170560396831417332376500838955376306827508474979261411843119157282293308948634963303218207568587816976646355168239843211324737744160705760191363171488360805355078030723334255537606292813680157712017223186524390373571075,392.47018619840879568391876055963500322034579858319321006107089666176782628847330815530635580139620633335734985662664186616764979690128774100858984358554378251344447170562475134006387909049335407201114529159473700012334432130823817771172499493777907592975641393787822220091350157687637952378893035239700104866937562859761,262231075,32.957866495012870609267425039427606335354768973487707327200765433769026849550068142195087547473661164322342203209445434603425991519252873654464486105038556423536051410988551018248451087559357133714750694243887671198888936507729640099587910274659472486657794378413268333237033158500382510166676403596225028773263116161316,12940.96,13082.8760,12708.7456,12934.98,86,SUPERSEDING_BIG_OTC_REPAIR_EXACT_COMPONENT_OHLCV
2026-05-13,392.04661509127683360993430090856383769516091021473640709636182484894722054691150540169961835557197691511212113543816628132316604886574829859240675600315446368930344598892395075678448663501695871643993319367390162857444296208417940763677083813750933025269581413078452555555710160675246248913194056279465879102247983250604,397.37832247065437658816317078446871069422118230753410004218690395861187928165367122752032289954701234233723630564339193872767319980963449045657578617696113744432221953350726521630087762891959515991918972372259628719185879752145821960661010799352659585109485211293698326906827034171484970903651415578654391186051082941285,386.51727962814618735285941530978740813938579199736088174148688410993974423071599816790311698640843605144012396289848382776349697496665561645362691475061322050526173856875618110248974617646552483411543590997286090437480876174859342311062447383776488048242410646716646397713933350853638943372355155744198617929959223272952,392.13475793269648617618966303509404799964959937737014725484892038019678069585398656210273957907623095952489974826427814192296728726426134158803797874146685417527262075303683225352071178554342551107904088307086722921034866657536313323606278176764950296450432153553709456655342011466818562689534236698501954292395031547231,452626668,32.957866495012870609267425039427606335354768973487707327200765433769026849550068142195087547473661164322342203209445434603425991519252873654464486105038556423536051410988551018248451087559357133714750694243887671198888936507729640099587910274659472486657794378413268333237033158500382510166676403596225028773263116161316,12921.020,13096.7417,12738.7849,12923.925,86,SUPERSEDING_BIG_OTC_REPAIR_EXACT_COMPONENT_OHLCV
2026-05-14,393.85817349445910501562553027197136239413772099751221416572082223373486724179127542923297221493302274887094673152914433581445448904029600370719564299565536048924774072518419208234081387794556974742609084220710599416281270618906705849642436409371456260707152938283666434134889182794328102629342618225460590549601106502184,398.07655638101632865371851325068253464946560971451393434482118571206256878785300314061662118927057356307396101199049485428044636276939411156788882818070166191257297355216298393138780078200363569876610122144168042016697770619305653666744029153817394244949368968169226762820772564178797933143772048851518745532188083229617,388.25032387749536521640132140125860324583148508309997231350661845331682102354676583500701120305285726684744308997500274590785905619006464262692454728535208561758726951812156018330778704358791649863880711355121049310710703993768035969066772368260823872787126330595340395221761357472106870113855548517120816180142320095566,392.86432578878445380290573268480795738740537594037471941003728941596121229011283664881291163386445419460416368816233655435746669424954399867235906333448627904106566970418803211204182912109332703780291206894788707316022849313979442385718406256617111706832155596208638397991698422106113471195430459204258597532970192557000,397179256,32.957866495012870609267425039427606335354768973487707327200765433769026849550068142195087547473661164322342203209445434603425991519252873654464486105038556423536051410988551018248451087559357133714750694243887671198888936507729640099587910274659472486657794378413268333237033158500382510166676403596225028773263116161316,12980.7251,13119.7540,12795.902341,12947.97,86,SUPERSEDING_BIG_OTC_REPAIR_EXACT_COMPONENT_OHLCV
2026-05-15,390.39081919780606940359884676469348601481512686235528797110243284082833184879976335524904009448337120610284469143122535164259693311206343599822800500012017198360058174114904108411882949278665182921998524136448926280087459496638213788753256379889420842791216243942866754236773969492221278437034062787155535616722284374369,393.16457277235353193350123558431904037124972141674035649723489830734848335856733658780399117506457326396273537946037094904432836535883343652546362946425228938664500494628063756847735187792316142590592190744766737304328272289256758833249138846878775142070360746429529972893185965711179655540942603457576105031388599073656,382.99412074838161129337770184618789224473941228288692460040052015556188662569866463085088174917082442657770783512077657026456388111672074627389681725067040770295554129688749769504303828300601980759837016417970980912890972534784358680292141574894692691163417341198314921490999761011877016598527477533958616746567544830814,386.01133365004341125060415268545742404082522644899552760422131809478198501295318264239330421883147021144747608303131251474606989401265728920823928100221897605965506308713625419374102191789164480691581771913907309842546519659547665837682634132844015736580217740251562208213621518062836507089174480701643546478307145272990,330658720,32.957866495012870609267425039427606335354768973487707327200765433769026849550068142195087547473661164322342203209445434603425991519252873654464486105038556423536051410988551018248451087559357133714750694243887671198888936507729640099587910274659472486657794378413268333237033158500382510166676403596225028773263116161316,12866.4485,12957.8655,12622.6691,12722.11,86,SUPERSEDING_BIG_OTC_REPAIR_EXACT_COMPONENT_OHLCV
2026-05-18,386.23874521508310005751772898092865510180378936601442002689284339829849217864127086863130544780371945856409422524532573168084107535408767036220004328230550504152734014635348201406150948691360081709154782865041444148125692010170333737580105305555302447790105380059414971921377814958631249939192824840535212102419671085810,391.58618783630581750075865765160756151356899577886094520892838988920446653928414951021278750176474667492258873748553301074010103945923681028059776609366426337693289993281939211702184114934075321927119451227938256905155367671847708997296510796203495867281337092489333937090314119576063510317174643495653685172643759129051,379.18751208883794665947224743600229316816432851044114742951360620346276707389793530985030979666491990756736175100563234528291712496211496512656351159271020396058895375690655003480641361673840931097448236801728771309625059822459751376413576473675491551799221790600159551740694918026293982931841145649931660533220002970005,385.18027257380097276876788120674401259850330005844883468134298880014327503720978884430673268293421779269842059067082925766222964625524859810657346661241643719194570102550051436737831291711316210027773028126594255428009366928099457882471617223270150450348269496742372100402548972778060569249910592412894618014328102035777,284531811,32.957866495012870609267425039427606335354768973487707327200765433769026849550068142195087547473661164322342203209445434603425991519252873654464486105038556423536051410988551018248451087559357133714750694243887671198888936507729640099587910274659472486657794378413268333237033158500382510166676403596225028773263116161316,12729.605,12905.8453,12497.2114,12694.72,86,SUPERSEDING_BIG_OTC_REPAIR_EXACT_COMPONENT_OHLCV
2026-05-19,383.74783761909467409306542131225477732314666826225645158937198018386384831377621377283294508856732160105391859014733840089231003703190926598135831154331903449225387981594143159254780929328869223083625302384649721613320169723172672679756936719902510125352657485398265531516508456423640897666857823699200260509342445664734,388.50375226617045983047798084772896256755929650982721730160196008975233562322868227237000379904222670971901363720631890600202609642166734575472040513100508758868799498493309686948311155805737188883402542500779944662601788329439696016555931763439702423498423604617624562855642275930590932455738090408176438519067517426957,376.91453728898748851683947987404644930793077325161712118213023433593108042961610202909892310350138094830132507097987601275398415029610171827426595212229604869686530225978784991912953848724872559682404578078606858334543108336319166015383110720731034130649855719066674047119251312649628806925922385444471950686741598725761,383.54075503985573131692330547281633142705878408498441145798663526104861663854990261284970847912961631598775196965225631876024688657757139388318857137499474359148292705688104735323005889642989606234805021050463939260349403626226345686399259169182470436529641527205539939294147045628059780169489674086430483878796254814717,279542845,32.957866495012870609267425039427606335354768973487707327200765433769026849550068142195087547473661164322342203209445434603425991519252873654464486105038556423536051410988551018248451087559357133714750694243887671198888936507729640099587910274659472486657794378413268333237033158500382510166676403596225028773263116161316,12647.510,12804.2548,12422.2990,12640.685,86,SUPERSEDING_BIG_OTC_REPAIR_EXACT_COMPONENT_OHLCV
2026-05-20,384.47907427252449400588959592477734817966212740837457132071070731058136968710282167841477692555614172854030914749993593633300189431389354694339358451864729979754032106038908875995697269094247000403750678140637217869881781225828382501619003267727968700514416841449602158145187435392630306328046893679213116390368336192498,391.18062226360642544552721762689579823269766881406912145930022898121561259869516704580779250307882653449202739513964696281973999369405853964639039717642478689762690745715780757137471537441914346427311861584302495289041884871500431536439445938478500206805771635262271316698329564800224710780484295889116341611263010237423,378.50335979386424270269456884687028353385387722751581185581352790476351332161399255563287159638312264621513637485219501131512425623325031931792601192041573127359062452586693744799479012895015999680622605118062175159589969829983828098647516874734260140583034252322068216127780302272014740159246807197297090108728235905993,387.36882443321561635017898970472131699188338587627041045816715426280447074916199748453982523073519687135374635423277366560152855354776005809792633962944663538573453948865443600576857271030454423846987562090939103806110884847866159174037735459670794158980219464278041450422856171624005483023031247512640879081974794691650,265456098,32.957866495012870609267425039427606335354768973487707327200765433769026849550068142195087547473661164322342203209445434603425991519252873654464486105038556423536051410988551018248451087559357133714750694243887671198888936507729640099587910274659472486657794378413268333237033158500382510166676403596225028773263116161316,12671.610,12892.478724,12474.6632,12766.85,86,SUPERSEDING_BIG_OTC_REPAIR_EXACT_COMPONENT_OHLCV
2026-05-21,385.21879751898187909006716977543778472367000870898104118021771003801851308234309980105848587311781550704985088488952606640700335792292226787991355732182615911966861365820072973274961200941684848835263943642248136086981788388476393401106713028763910205410489750018528739624627585194546104535523873710728798819693476066169,391.52827450018957280085793142410043159681252038997315868896132646734696724279997953057029611474148688333199646956773620925065504161715700127345101399706637707036857501982033638111219405104978729136823870807707221538469400330645754874199627426577178608838247964030441974391932338601487296526007435645167082624071769926767,378.05563663793020026976371737042285384261976456527021124354654626651273550481700391435629439361934547604131151741257139169010977299453828405337030702315664899787250307345740926698646576194641726339140557488219304187788755456382882771494288973771729837318255272021002668296775978091953327843496180191997544233192524693128,386.09295301094491397116419541191741224016242915036721814684792290685128511644897414720720993009702731281421428217149871268530064488770034795462413097332408119124097706836298439209416296197651140380067138324701267013226729348634160232701593735435447725437798174739334709986710179742159774730172461361552404122126074723625,294887917,32.957866495012870609267425039427606335354768973487707327200765433769026849550068142195087547473661164322342203209445434603425991519252873654464486105038556423536051410988551018248451087559357133714750694243887671198888936507729640099587910274659472486657794378413268333237033158500382510166676403596225028773263116161316,12695.9897,12903.9366,12459.9072,12724.80,86,SUPERSEDING_BIG_OTC_REPAIR_EXACT_COMPONENT_OHLCV
2026-05-22,388.86983178778711805505085352553009625627424745131038486104378625279267748519798474964908751189025627827290572652459939498953793859920248047103359913523457250824575311366794638219004123681509796311189044840394049259137845646559923462631652936469933053903218310965922854574913920298661187235136419647615694776727133968795,394.22033285941090296083172729168378586896629030739046632809671629948176911365959044836262967577528652653391593039058019403105606615721568742349659810907935114003193004857536369853152829430782127690761159562665730520283572837489492703876510650857835301217745228418645345799126525213328857273976342231870214522705258882132,384.05287556812336087777855645953836296003017519086989162700852621273280803886342206818466244084879065788676833410122238690058603362936572947611870213793169766321515402369786630486445378300100776016837911765136072236769229986905964945336826079324011329235058637916558286072402007517096595595785414226742891209150932252572,390.50889419518458161068412790596450611805703181119838601817731485799103867138484612141384086600378587523617617914647984579892275728687015090958735208657203689793760191138837958482301068860781432892735782174762711259688794224489218995073959872775328645898532212046373725863044697098253398340592123001134858588626601216997,281289063,32.957866495012870609267425039427606335354768973487707327200765433769026849550068142195087547473661164322342203209445434603425991519252873654464486105038556423536051410988551018248451087559357133714750694243887671198888936507729640099587910274659472486657794378413268333237033158500382510166676403596225028773263116161316,12816.320,12992.6611,12657.5634,12870.34,86,SUPERSEDING_BIG_OTC_REPAIR_EXACT_COMPONENT_OHLCV
2026-05-26,393.45778046531697860269527754980086043232595126979066562685281488780635754077238536355461490770944725989488206622289486123234188248930875183984652823591555460563403087846818674014786392050238844233440250780015147474630226786817062757773964637268636808872318936375040104947264073387329348296500362493568880363307584867931,398.87484834581875860834108727788041179614285992755823849965611976616787946553860704085969154741065064001034837978911896869723485924611637016171239797243969760477572330906828932867097919795573469575788221710880712730146809206706327199165286764414276174913526100181562447338900765777563257393919276056266497797306721945200,388.30680990641600858192365916412060145073479268303786080566115469414660584190136498633056172072160290542487820858954545857304507122474188638258851509663742350389325503350318595071947412099010999239353246009263944144719846848123376245579790621295727848295526400975210585073838027268801452054025426522422683320898326624812,393.42777245493348931249680830947783874862911354798523739389455757957716133171761294784422355141144132188309616326763681299371763988134682429331321350676204197547103127719189076759286275954297930954837951325202162623503463055210057036412229144358171372474700151928359905907992311428723279139656123704910543799685422241781,307157340,32.957866495012870609267425039427606335354768973487707327200765433769026849550068142195087547473661164322342203209445434603425991519252873654464486105038556423536051410988551018248451087559357133714750694243887671198888936507729640099587910274659472486657794378413268333237033158500382510166676403596225028773263116161316,12967.529,13146.0640,12797.7640,12966.54,86,SUPERSEDING_BIG_OTC_REPAIR_EXACT_COMPONENT_OHLCV
2026-05-27,394.79117988322680706281856292415425872528978395175360710873711788825151083007575096599026560929910241850554262362610030905294953228657353238580512185308468104157253490039751212931611889391971123821905851404244215569376313086239986234447434833590719419290524506264567566671240707896145625804006568454472963881621017947002,400.93900198301776241130456783005351335738071624524829232268295546340047908294717419760336698531658973357515743604442791458038054887595532585778525374168780638258348789429229604504357319066497670297207274665639896451768956422941277986387827001344002688632917832985347409072444117242502596663416317812332750948914099726675,388.93475103856215717063087858781031586642364481185122838706753482376051187235025073615460151182474920544178046662881589651770824141416237953934773482228902713261051949070612925668759681990952265064081951214985068148419724333637438261951767573736650266530150938549378343218951152398352794060844061442080201119359187842428,393.82433938689729621127738765328157323388459284424099776271601664788413246654660735970955724889873920844936689291902477101072355584298726214284852544815376096053716352055001853431733379444070983752253402827195300379490677339089270098368097330500710258673744797436971657788947149022123356631533518241998030009005748816157,328490884,32.957866495012870609267425039427606335354768973487707327200765433769026849550068142195087547473661164322342203209445434603425991519252873654464486105038556423536051410988551018248451087559357133714750694243887671198888936507729640099587910274659472486657794378413268333237033158500382510166676403596225028773263116161316,13011.475,13214.0941,12818.4596,12979.61,86,SUPERSEDING_BIG_OTC_REPAIR_EXACT_COMPONENT_OHLCV
2026-05-28,392.92634436636165512663239712082439451731067048372183296733423374156331244310369086287968608510118234151628743501829959844214611982150980241868271885156391282878373965869637282781688790681413415107418835058179042214142990078936914587039691370253213605505984209253042348599126785689147381106659530408738820482964794558776,399.42577296354993160017189166343875519087348840696946403483606458185037120130222603355765815379061344917253258174008657161247445510612355624934572004691803418683703034673673105007360594171492318990390693745663711711309400903307970025049747638099080897276113592354234843941610650877944627384925299653602482357476191153063,387.48136509177314933933484638751415796963863440402421617997248508378820346807509795684661247001217748275871611424424750455186341528405084218573899651711427309709710958076152335845056625418228696678667840071591101546866613923325055489643304500674541566775075611756445379408963463925247283429052010152865315706025042919984,394.96640360412129710416958401906371294505645517867610260452471743832593763219032194751454274036177612125383745635270822470315681344024403954579490199551292718837872569652552956258590586160432745474542826914983337618846563343212472387445642043819653881921464243080944098277703812922885999976873192499038013870222562007966,330965726,32.957866495012870609267425039427606335354768973487707327200765433769026849550068142195087547473661164322342203209445434603425991519252873654464486105038556423536051410988551018248451087559357133714750694243887671198888936507729640099587910274659472486657794378413268333237033158500382510166676403596225028773263116161316,12950.014,13164.2213,12770.5591,13017.25,86,SUPERSEDING_BIG_OTC_REPAIR_EXACT_COMPONENT_OHLCV
2026-05-29,393.89697758392264844660108367080767425589695837103795953187887609773316757724137496659598485959381121613411456903114587058935493784850885420189883430719674299957682079603581485210704969939143771683969067713560635294284898242456608906248956927072101517506149813329834917886336631572967228564683490542671149960113902698468,397.68831523069987206963000666678237665562207406928285497410260410116519465986387682872189556879861726335342744287593481177069878065166141175553121245941077595654296576845118135664486486918218489012990319608102394323563912181408827426919409770838963635721417893063264329238706897675251224793554917781015020818706024797074,387.47689574907397039853986709621023370876042995870375148966434423292656484158999383466851272604585162363926610058872727148255163476215722041869717926776714224732662440253301132937432413665955222256545495014105059770462625119074968437753123274528762390086406326896668255894805193139356524969576562618384831519207923043812,390.77863252916761476524873007630996897757663479082453059957155901386318659706424629903303111624571993886082398225289445534530245069918717405284434697249188248150591986421575187603701866405996626895552509528079061332058407928677149467800956757442406566662199128480888517833913334524169892051203703666526514840322526473418,475740441,32.957866495012870609267425039427606335354768973487707327200765433769026849550068142195087547473661164322342203209445434603425991519252873654464486105038556423536051410988551018248451087559357133714750694243887671198888936507729640099587910274659472486657794378413268333237033158500382510166676403596225028773263116161316,12982.004,13106.9584,12770.4118,12879.23,86,SUPERSEDING_BIG_OTC_REPAIR_EXACT_COMPONENT_OHLCV
2026-06-01,388.00621399249363406423282522693134379614978630293030013435938002010550691055087932157540786142499539492663458818738015634852497868977847262778007321420683743005621049372132123878853392145811590406907529088937493771728670670554244929036950375663166284635448655428254334196757898082426029345655558747548311974156396273782,393.72947887763244189694321754919067839878874506521926790678002509232522546150227927024851828395426421896499131455773178616417670843193350048310964256723814732358913323396739797961997952715227765476074191632160984293266718040273713526421784987707640524583087060916214586945649861787780592074494245775475352757281242205297,381.55547483338663692737834948102714783019901640008830171137536060804432394271654364077657129268643398264704549654375555932432437051638464309835267378414355704027649458845960017240448356494259317415802950725580880909838884433398295462931886724306682259120975366410782063819050088360221131029328168063579775401793541191289,388.11553538926988473418741033601511237689771988398688044108192914199609734657145061965886595722046091025167463707291579619055040449006848774422045033163869385723243654366924276468743127152596672899388119930518691110683308402751033007619672782880830211843789615768914100575716890343359399686190570873717636869991626427945,320631479,32.957866495012870609267425039427606335354768973487707327200765433769026849550068142195087547473661164322342203209445434603425991519252873654464486105038556423536051410988551018248451087559357133714750694243887671198888936507729640099587910274659472486657794378413268333237033158500382510166676403596225028773263116161316,12787.8570,12976.4836,12575.2544,12791.46,86,SUPERSEDING_BIG_OTC_REPAIR_EXACT_COMPONENT_OHLCV
2026-06-02,389.46210313529542032469101487144049389607432058542763370567996689650744998342766882919088657653846245622038886675375723282365848026494244579796009409284485212480970884361061310035813258927671816436731425441574935697327008778278528968555414512145875374775121228919670217463481307658249647367729234033100770802992134366649,397.06839039414858482619117508262081424077518809426220138576758047391140353177320227427771967692088367195403159086374139743032734443294217366226451219932272949353759665468322025082752449905988058533873072335003886126270215741368375209548979641218524744503562128186619210421557215999388441752133706141172341488539054136478,384.73478257212802721324714837143690080000941718015154500734266817087699554294710884792023111598796664581849607949764344627822906014085000861292256653221063957707691907830224542153746652621570732522081915623363946715414352709370734900451280803333178452410397516263343573098525237226049596649458338121858172257179750444943,392.76086035358961206420322499067094632430505578733476968871508777686964598791185187877000513742744686536231340598091092797353477585404331825407938363133817179247534751980767896096900102045753796782052077670261161011283896862194591708839607121374357480462714420722962947356646864636116461161688037821682289089910993425278,306929934,32.957866495012870609267425039427606335354768973487707327200765433769026849550068142195087547473661164322342203209445434603425991519252873654464486105038556423536051410988551018248451087559357133714750694243887671198888936507729640099587910274659472486657794378413268333237033158500382510166676403596225028773263116161316,12835.840,13086.5270,12680.0376,12944.56,86,SUPERSEDING_BIG_OTC_REPAIR_EXACT_COMPONENT_OHLCV
2026-06-03,391.52337127018151226567484484246625535405679847304317162885409251283752527375725837548556482740300583218669353537403580419973322401812095729820350776831894770632980784533474545172364277200307645595530764429111757288071480250596191262432797052210082982577466152132604100789934893202655113699303565858112740499033043518572,399.01867743744752936903654100882401107544328444997913986739325537607572455126392320081112546678318607778311755651187905572003617090892923684404998322077781279260349581658095444363693589064271918223308580120869655734048168112096017536158203158824923963425703305763794370712846682057004674877309223672967187865978190020607,387.48873510767016607198318630508186471076094166653841083900743018001557632872161385146345176267626812213491712114802119506466607304893855927477129393643822478351429118151987754625030318694974369872160262253908242377801909505881245394702501973372245343845935664363016823996234340444148453117690733847236592195130612454875,393.26332006233640948147991924724247219085675717570473079871381479838176855813129697903702319637080210648989131592941778220166162882456861670766046746832722048357673619234100687351182314241771071450340633249829560460939291842396183639914049143141676078944643931597302940816756095658085393047963118743968568375927218221649,304993143,32.957866495012870609267425039427606335354768973487707327200765433769026849550068142195087547473661164322342203209445434603425991519252873654464486105038556423536051410988551018248451087559357133714750694243887671198888936507729640099587910274659472486657794378413268333237033158500382510166676403596225028773263116161316,12903.775,13150.8043,12770.8020,12961.12,86,SUPERSEDING_BIG_OTC_REPAIR_EXACT_COMPONENT_OHLCV
2026-06-04,395.79642395765781679666934640278917732595188861284471040264018705078844798207873223310478826663211084164717580364608799234858976946716426339281350435780286192745857220070547873995092297212327519646627114581555455775527046593912881989890252852998005633532025790289803041301415211821430266673429547854463972147221821727450,402.86653573310479732955960809061643318435997679956797030694220250364258146020313897192117876295657196456598430298058578482747631212473243002324581807417199067117493467904433322084700860683926555041401351699400931039370431646146753831012067183593101251718685677490788472430936691987475953418849783491244016558843599976698,390.86293713670100707345545078838025790391805401229711133291283093592064025415088447603133484068860113073721137493356633303086105341528648212973293643149393995664029235374678156232964005208930284189500008175725487544323106289701919999618087248904400143776971839615890681421049167219456869724217158767876141156816799313109,397.53559296632752121696572448858025598553141381757866643237146928292370204241565491038348924646253729531649805568180350741853370204406225491759310694098682199025131542157139556467765299297745455838685958383228408664554606483057526575958080019038593150085507498644793452907520433694163333894305184921675906735868255630550,271187519,32.957866495012870609267425039427606335354768973487707327200765433769026849550068142195087547473661164322342203209445434603425991519252873654464486105038556423536051410988551018248451087559357133714750694243887671198888936507729640099587910274659472486657794378413268333237033158500382510166676403596225028773263116161316,13044.6057,13277.6215,12882.0085,13101.925,86,SUPERSEDING_BIG_OTC_REPAIR_EXACT_COMPONENT_OHLCV
2026-06-05,397.52670282776092631097163805034502307013892296571922207215228890748269649210923598439446531583026657758398716633307690667645392137254269498722479428614154473985924375001026844641668595689876312716837631458973868204068679328415498168443878202822223732567542841816514799373973242305954025192639396215085257762093357384680,403.14908436231928566948497235728583917315845226265847464562155913224917492628994553367881919583654253681406588589257162588684605126918446409688336450574260777390889310877651052683620284502337463954491235147369964938020589891142032792754539370177781607036346160551415731917379348317965827336522346956442936249567892067154,391.69826426578461703577898695383726575546927806076680042318643927761397610147476462563345847435683396898521236573238051183598600138571786990788265784952598729330912635060946498195870352117084331222128241572263358324609903402729500033377713589613115436573792796617790630656536557639410809773485851425631246165028438767026,395.36964572545251314738258321410209330535066480738605327794760887044526788329034763486651556665146157744861465582225267474493253058869097290618696746614000793141842711306948656486256114491756296862911307090118522821128293011942008488401264101855381427240652542175186591327948923835064078089921976933150350641345806654319,278528785,32.957866495012870609267425039427606335354768973487707327200765433769026849550068142195087547473661164322342203209445434603425991519252873654464486105038556423536051410988551018248451087559357133714750694243887671198888936507729640099587910274659472486657794378413268333237033158500382510166676403596225028773263116161316,13101.632,13286.9337,12909.5391,13030.54,86,SUPERSEDING_BIG_OTC_REPAIR_EXACT_COMPONENT_OHLCV
2026-06-08,397.20926723157076963346265403390472695806984688328404495060599167927860069925683051102529001796399951643201131525328954502581001220722653119366408781859447786749796788696415270843219292286968413209062521057031194408478784639157873359631387274300849998593885601876364221584905396750693789186773041280125091356765341480272,402.35845976275842067303545513193793935658250729966496089975381579785015128806656710305153841882538972735551299501689362753669086733748948466484843842690355351916032939761692807420938733303732870924384659356561904709661548003109214445492907649951794362096171959118280793788125741807932538003599525079859667514070617861080,392.14957078473816410488015108678838489144009096057076410351446256207493397114270232888718150035498373903688546901529632104338827335243830117167555634588823422183033198189738603896195252994847592133705072569134187006551593356273182826389754329419033043312103517538608259736304607253566428808820518695379276463824672917604,396.06598934355269435067365405880719708780003357931181459886975773178000296701838296404091559399143759096781230276175945641978224530327766369783466517501070041093393858859121818278886332675053111359246511715458469347919146800393786464093581764948275059531270804876879819551089840437939795031736323381960847359428183169601,235800469,32.957866495012870609267425039427606335354768973487707327200765433769026849550068142195087547473661164322342203209445434603425991519252873654464486105038556423536051410988551018248451087559357133714750694243887671198888936507729640099587910274659472486657794378413268333237033158500382510166676403596225028773263116161316,13091.170,13260.8764,12924.4132,13053.49,86,SUPERSEDING_BIG_OTC_REPAIR_EXACT_COMPONENT_OHLCV
2026-06-09,398.97091038916974656867309295519354288874567916642172261042036914721301111151172075990832555553955539202785512271768012210824027087079530101340549648861767635815899604682435914576796615424802283521284129806351896971912477800279596379372399617649234096388790515117591319521431199141210713498293728041031210288471993277862,407.28331249934441533466374244958694030203954125415121066371895284508701027742531972019883949417282576007885274392066787991323540431882706970490669434851818559356626007416229455592914065185284524765946677133447755357375161474955073135120147753583958641151685113243394378398749957939651314218528115580461789511630187121488,391.61377457345512838311300369134637982986542131643980804958121854910536157798242967236029793770625021267821638457038702232610423600034801809182940386084967660579457762491282821231688570810714009870983122179116606073444786716486652015177828285685188809122483017110595859215388444284735636115175138203317631731667017289732,401.27749173330812456754835245909254025440149677172875422769713413364728392480170968033699178989184195184177255715520977539460520823911252253763460236349131654520776216312771590371217610960394824339380033422553904495284868488544799542617458974955259238303537823081195130133436868939405417986566039098340758878206061901998,280926362,32.957866495012870609267425039427606335354768973487707327200765433769026849550068142195087547473661164322342203209445434603425991519252873654464486105038556423536051410988551018248451087559357133714750694243887671198888936507729640099587910274659472486657794378413268333237033158500382510166676403596225028773263116161316,13149.230,13423.189039,12906.7545,13225.25,86,SUPERSEDING_BIG_OTC_REPAIR_EXACT_COMPONENT_OHLCV
2026-06-10,400.93599511362544311033523688797463423821554271822006387183749206679227549920872329123643090502424151471068020350361287658195015206862567265266750703829133206342357559855267933030120926710296915682165459783025978678183956979169233593771054015302001081278372345315979257191156683956745560136830255770960361080967791716334,405.17913081602781393037352947867318878834614145893145882590989428329326144097002970508371715789355496210885620249974551411070204310770895795771041735583857949654352538682692340827594640931920605089580885080830774109912821221956045779490672512983129608342523960793128586805517228357184730960294218631298344884470284621515,389.87196583080831216479107775529432757424785275296260403575755170037158368530196280886642602966760685647398475583385507631909224568139473061502917601837718712053046841283251528080489844844952764427737230181569470230641475539500475647634339494439803219852674672614919428975823256915232045309429253230706999558766172019389,392.36975494019913991995826188878646755499035585399607411456752791531824140275915578321192163623301153576482069708983282706770415177251728582251777912295720333666031732723795693242395274076198585139272667414886213007126583840896937589763605456933994510427091583859955541172930882382208462110654400680308411125575235377743,274299230,32.957866495012870609267425039427606335354768973487707327200765433769026849550068142195087547473661164322342203209445434603425991519252873654464486105038556423536051410988551018248451087559357133714750694243887671198888936507729640099587910274659472486657794378413268333237033158500382510166676403596225028773263116161316,13213.995,13353.8397,12849.3482,12931.67,86,SUPERSEDING_BIG_OTC_REPAIR_EXACT_COMPONENT_OHLCV
2026-06-11,395.31366516007583191339251673442972221695767633748613913254014200120071074910828989271720105464962036851863994302907663935538578881751831737195646627777981500659463109248832774851948583261081659645472688657760417611393529645736788303201885362722841140849231990726770915785235707739859416812534641347459830491649988106754,403.81184267537044331835674532321080877796977283006813029307404670492981771092523304996157898830668763750692802627881740291525170719433429179322496911683774602660193313975554041370113966196998791176839100041173293799744794494171713835496225567234003350100044987864539542991901387885837312347774051983494233338758371003966,390.20419303980125046916735576026594125032320627663149830954565928020533888352767622223440394249371000941640107980614830097916923702202074241560200678366170334294681233009722989302665880164597905523458017511276961355263444623164569600306717883132982442007714981913905487076917985303420279512160391872266866840462058066474,399.98098790753815756028789680792700279801537356369442824760983910772862465997822603695476463659174717808685685111054202894727064136528728081532061007155037146243225866208006483469084079793831950999022834269106336262806584348883208415541365068259603310205977637484611836307379399246171889481290444725896075435935421798023,271312967,32.957866495012870609267425039427606335354768973487707327200765433769026849550068142195087547473661164322342203209445434603425991519252873654464486105038556423536051410988551018248451087559357133714750694243887671198888936507729640099587910274659472486657794378413268333237033158500382510166676403596225028773263116161316,13028.695,13308.7768,12860.2977,13182.52,86,SUPERSEDING_BIG_OTC_REPAIR_EXACT_COMPONENT_OHLCV
2026-06-12,402.48087666740273400997655118553476775399733184202712545859444768438353351764430703068060309639863012927902300923659445809640104855698715188349688292259896510425197569823304913676497207708405357344507619533035435863389388853041844294992073491168508503381340691117442169278436725260583494517419337516747237992770429426836,406.77415517866228824860128489509866672725977488916486085532288228468590434826700565302434309589896947471387988105766081708031009160205413937600284270566602545204065464835684500871840452423138983816830235262535999905760826135260637006336151161473573022214359329390640315963837933172968240890336135833599553928561082665866,396.95822549617045245525831146506284949945417858937731884964539580786634226196929156956458627303129827283048026988300234632335373466450115593127041804501476826239925595466908939425326048797633205373865936644269068107282231681152917752441692785820404888582486706442575481242067629861592826887180872185713241599968773925524,402.17166369084243132401841162220623996981687357820597366680718759523920736347121735575178781628439502889670740052371804798535993994450989846921881375697363930648541458942947759348542923999523198023001694057128765732960314694992367385657659613337137891870364340080812944476784053988572595699353867842750028377316221731610,240883283,32.957866495012870609267425039427606335354768973487707327200765433769026849550068142195087547473661164322342203209445434603425991519252873654464486105038556423536051410988551018248451087559357133714750694243887671198888936507729640099587910274659472486657794378413268333237033158500382510166676403596225028773263116161316,13264.911,13406.4083,13082.8962,13254.72,86,SUPERSEDING_BIG_OTC_REPAIR_EXACT_COMPONENT_OHLCV
2026-06-15,405.77456681013166517166960623587346626799412174611676243768211763403362055659547997568577286406034761056658127364723845248202026779064854820182945500935453289200131413842087189584406226516368272220402449799169347771271728548392786806390643051888857764010076803692253306557535743566755226051167922827401065152147180241088,410.63983319575355343878417097066430484713213234898253659438283499073911811623338809728577439364345635987320958081820076330660161571336394534395400186687805769632971703542039428611307992626609857621370604899359072133554384668006347451760451047859143951152645305979644155680681709392297136392433745260032603570453439789534,399.88870644871071132448443437363131205100267159493909010026985551091540185894770548574992715323001284050440422699717314329211212623095421060295820014511205668651947101059196921191309974840596733139029218639511255435743852200353926185775280151925708870971070704480767813433450718258693495344159155249426060381577402437735,403.67934623478134217332269529424966510924646548570013837428525194903977321577823589634768922624184200544437324263370026939813912618275881635318282679199693818697019738762881720545908201492129069078156205479725758632281790878536454713251330962029465445913506840354325089798132075982006300532630429874749694633871479080732,320610691,32.957866495012870609267425039427606335354768973487707327200765433769026849550068142195087547473661164322342203209445434603425991519252873654464486105038556423536051410988551018248451087559357133714750694243887671198888936507729640099587910274659472486657794378413268333237033158500382510166676403596225028773263116161316,13373.464,13533.8128,13179.4786,13304.41,86,SUPERSEDING_BIG_OTC_REPAIR_EXACT_COMPONENT_OHLCV
2026-06-16,405.54454585288471642647790218037414636495496424459305016866639604284500937272871588721208543019261958623154696595885497048302089143983017334817014362238508976837573276604918355617113946786197016369143116967378504359224066978706215844665227353345584369014150444055601009548365160799143036198760463240783719637224205119361,411.69286252352425708884685455706942248687831155817411402790770337949462059648749279969078779620773834396000112136825507973774167057168899353300011679519974418509109111232091754707754496504966922144221553093948970473594734584948301850947889590987116152218318883645957355738002841224700298905045605336469908939277815334589,400.88595546678575601489002407590109797860702424420437909752530000134071797850788338427022521765652524275007624884859611909444853335371079812309951649095061110319625614210690853360009690517899651710389532304852111528603488110697552245969953318073479530447004757226801188468093754467756730855921504089973342564295089101998,405.15790067966246766510369234272372643032523412430329084350252053347731746981166341663825625597068867815855630735536325288465008906039757200795373351762956757811576924828999288047348472040315424168840632788554771040648132997211420416755278508160466445417197270366547564315697482659992586947142639466494929461323376117360,278497321,32.957866495012870609267425039427606335354768973487707327200765433769026849550068142195087547473661164322342203209445434603425991519252873654464486105038556423536051410988551018248451087559357133714750694243887671198888936507729640099587910274659472486657794378413268333237033158500382510166676403596225028773263116161316,13365.883,13568.5184,13212.3458,13353.14,86,SUPERSEDING_BIG_OTC_REPAIR_EXACT_COMPONENT_OHLCV
2026-06-17,404.94823904998611681043086883349007644615420413676485900352116765191640159057154471839881816495024274119046673261235707156119860632933900846240752039482797781630957385413508370923811714153048689595044353716190583555255277462350939591557746976823870034596604015072394490196974940050252527659235918003485508452712693590496,411.77638431339547141557013694113128476060155240429524880734571641525044304812052821801838565918197590267086366440661587790403181478497190349997914152213692741769947230790560907756343776672397441642458356263767968890549317324067841209046450001778204437768193225624576876298210650942089328162657620233595322378877955594746,398.80833615212649685602150747837374260217740191949991774185248392656300483473075404543122957355740613372558005029647875884497176296612310284648926428409044074271271883388348811387142465055104277601328069610569526851037732270104544459895273299291527415548624362812386618878670113275970699127860440211354358686437834846859,401.86263276490123979654479260027502070950110795981539070150905747965340009428733762469988087604658868041335105916951863311135800772803645856887320150578200519302722354898551957481080260901730495971338517781570259193331363799097144835571042115113109905373809512577444895959435358197101870893652837474042996199733768681292,318038155,32.957866495012870609267425039427606335354768973487707327200765433769026849550068142195087547473661164322342203209445434603425991519252873654464486105038556423536051410988551018248451087559357133714750694243887671198888936507729640099587910274659472486657794378413268333237033158500382510166676403596225028773263116161316,13346.230,13571.2711,13143.8719,13244.535,86,SUPERSEDING_BIG_OTC_REPAIR_EXACT_COMPONENT_OHLCV
2026-06-18,405.68296500694890059420835382279439401007627232030221457590155260517220159285800988162139318290394728007357658100626368237847467786806304844148155089680200040417310807547533343159446884110813077717383467780249378215087438994622376317349583017909144888973482051930178395326053614317865319746209284209721440449416837953959,411.09767533193319109747962253977879998984541121974392114567062432595090395701396278572050682120539832309752038227762070152371032029662128175792210359140983609152140812081844087647054580995259317384163531123958663120590202496720839387201439941994152822928167992997215212146803745535977603566733654132164040673653382035711,399.39274898124316745107986545396698896181824252586427890970788737833504546425954221428648530020643785470132148287607963561356785687103178482199803576864636265329869994630283768654639425403640354771496361513671566932405459107295631295176924029334770436844862945344620547421437751746095598726750659086269850617874531899071,403.77401255671914458527337682085009751888664110959592814863283819946959341016740671234002596198479299290319226914573779265851085210474184359806042229751661402732263293462785000057639523614714885626282779121064091462043584375314584927750386639623449426559454380401580824151299641453122231814943398913099969551044650649625,502103705,32.957866495012870609267425039427606335354768973487707327200765433769026849550068142195087547473661164322342203209445434603425991519252873654464486105038556423536051410988551018248451087559357133714750694243887671198888936507729640099587910274659472486657794378413268333237033158500382510166676403596225028773263116161316,13370.445,13548.9023,13163.1329,13307.53,86,SUPERSEDING_BIG_OTC_REPAIR_EXACT_COMPONENT_OHLCV
2026-06-22,404.85903424662164915301580354880889975245480787578613402384748060824214794585867221871373162550015431070042572686062940541200217228747038663550363232231905250520824035792445665229922865763570272855949022407840025413953816371968308064768371098010752683684991530463000318504542492702275960503082000790942332870873092761581,410.58436237211038344855076200690439762556028328628821516314493204745841386002111819799180323329561565626032081662932031458076456785100196764873438003893220148756935720624615333866636483753472848258064161403414904142820845461916796135897387651222567159517230578764491009628929341405122019567847074210911503411891128493554,400.02221327023587939910757340734751802717502312144673900607332162005522616578481782788065820160903804560618294448294760037479213624035085104532547834505985337406266064211454748171803123944831414620726245179221422887017125515587234430798490312310330347990534125563941380009528022491097673090159766694007533760698120246638,405.38819471283808314802217721031900911916143059397285635225193708500370698116224242092730619965305983034202951608176222773920823000522166713251173027624954822820390572320110150705677588048452189961678486161759105029004686028687553682862948944878681637222016174926319974860835240297473180762150874720767067862006976567036,316245006,32.957866495012870609267425039427606335354768973487707327200765433769026849550068142195087547473661164322342203209445434603425991519252873654464486105038556423536051410988551018248451087559357133714750694243887671198888936507729640099587910274659472486657794378413268333237033158500382510166676403596225028773263116161316,13343.290,13531.9846,13183.8787,13360.73,86,SUPERSEDING_BIG_OTC_REPAIR_EXACT_COMPONENT_OHLCV
2026-06-23,401.86293618259975839401899350260386824927559570219967207899094076891759823593602086449472810917396993357828317143398029183975663505470948109209396302983815800020784032958487544915299496444953218984812965724570808553577948473478275604430827229739553804683903220604708711790944475475570637124050040029464297869287358280714,407.42553229384201330621578201466856511513006023974012203342992767706647483966018484460238317376104376919013849040394977520648323650369889222633368254941487190738875923905403604896493104295962454731129876376189132648615918426119560372553094764484568085805784926117242714253902806532598969072002292280604853525154650583443,395.97607757695067836114370067169980562642608087857771400966328262412016765226407851563383500135455084060347947543383612543341700959026089939182640275145093905910176799358409193863228740790763782287425893112737073473162707253352417348896235614345445894384087014345018699417369729688916971119176736098721565501861339415026,401.59668715214968911040770170904015209716260175999276333863835443958372893921647794451628103989692028135035465936887475766996115589913221696587572567056406969921661535365009571288717330879235077129814775592956171947848453655092132290803786561253601449564441738184383981356979270564630241153907461160202226642920684646855,307602959,32.957866495012870609267425039427606335354768973487707327200765433769026849550068142195087547473661164322342203209445434603425991519252873654464486105038556423536051410988551018248451087559357133714750694243887671198888936507729640099587910274659472486657794378413268333237033158500382510166676403596225028773263116161316,13244.545,13427.8763,13050.5267,13235.77,86,SUPERSEDING_BIG_OTC_REPAIR_EXACT_COMPONENT_OHLCV
2026-06-24,403.50169517229870335217806698070943057128389231970339185864258608485176128047419899646463423016011827737662151179139908392074282641570412900742695445711946958271907234670595277744377206081002132552885255115938921193882312377026440368013349051418505497369123413657895767247566134996694081999108540827562160011633235929494,412.98418094082654126527321678743495548851843924886107126682961299188813362053497987497907573536088750112622702881327307851674369643267228033347129464102103779314985383292557672357011403173182905676456907432822341725174028562137478445980583255328891240567118337528016716826481986761747317646272214516903552062715915084920,399.20958178500146052785426473608830615075548220332129695144458331532391131378244401493310760586892294409510395106586549445388451230506154800408871892642803601450396183408368346296858985429592033757668866881353426563544732194660085291012437926465336926346192447810220073429935783230964906645180151939931240263848597368541,407.04000066357332779757188948856501565147270013400067536362456383929839011659379986407564334511660206023244868381103234514133539641315628354633746723794543051948165930609448143210873110037268936352577586042780348138281927171369173500415006672796257462408343213915761913788024591961331146334470247187586820548754102973487,344003748,32.957866495012870609267425039427606335354768973487707327200765433769026849550068142195087547473661164322342203209445434603425991519252873654464486105038556423536051410988551018248451087559357133714750694243887671198888936507729640099587910274659472486657794378413268333237033158500382510166676403596225028773263116161316,13298.555,13611.0775,13157.0961,13415.17,86,SUPERSEDING_BIG_OTC_REPAIR_EXACT_COMPONENT_OHLCV
2026-06-25,410.47365739062888797411382078320108426344068559995931177510499512652307989808255132644384175443929162650319033581783951093724140144108296982640733037180428825964951863676516902576192057448102271480819325547418259994154806316621980834635881631034363133480774663267555482589929490317991069352927737691303456929092381185818,419.94397307526914494251877239751653436032052918208346513249368330117246477661464745678696073890079878580736882991215637393717332938519618774606692582581356737406576105314462885197755727659578960962736712256910976905175411010087564573600446463275363914284627157340137862327554754188267698753292901674746543981646222117670,406.31286318325049413662416906650517505731057038749419704206607995054018563694090252812219762767870266300429096315131181912130899431452453687301468245261578963920535076754412212707841498804401746685784112766908656643693036678713456012847798449106021249691265759187559978001983059675808818476846814070032981530462032833549,414.15256664339703048905234143024461927512711323513258560519168912599912757420196551498705870062424812598855833118900542689775787461881376162581873340025146004390992172589520985112217769294494361359727383568503919707823667403150710067907878870240807842230512145499789309794272690380417791475012709092532583358329908032517,320159337,32.957866495012870609267425039427606335354768973487707327200765433769026849550068142195087547473661164322342203209445434603425991519252873654464486105038556423536051410988551018248451087559357133714750694243887671198888936507729640099587910274659472486657794378413268333237033158500382510166676403596225028773263116161316,13528.336,13840.4574,13391.2051,13649.585,86,SUPERSEDING_BIG_OTC_REPAIR_EXACT_COMPONENT_OHLCV
2026-06-26,411.86585915851162062473724102888513576470024275599598421297827958636983303890072880112088623611543364847769425007371442032150302714757951537254950735105582872719155473884966286266641835873273278844567738741119025033320237100804091402742748740065054587308409203902674163883894493548380848679110083158306462348180792185189,420.01012116772318437786931111422858650655660189928064823731905919366030163744408056446160603300118578829421862468744259331535807287318182803342514568529544086751202539161020301756628139390758797051906567042895420539314672566194778339204680446262118137191599094435048555182673718512427194679938153339171819307120602139332,405.97603616194801389453900538222823267825398268927959708565262170546118661132115119946433566064149971208150381724977984813870881270153550362041510698263999685993085645639317245981029571123308245062244667001606250628919732189380929217268374800672190300585537346017999862130400003167257167677809008196840073793281009977691,414.03832987990477854001570170343352055003247822745064698326263071802852724347272573222707542816520630939161806361919091565567468612642078163320201959310992814040770383023772316086160025962091133558953395822240268579548204763393306889699239248906923733189274206736537075680497980870671007674781374196239709260078366646825,476928739,32.957866495012870609267425039427606335354768973487707327200765433769026849550068142195087547473661164322342203209445434603425991519252873654464486105038556423536051410988551018248451087559357133714750694243887671198888936507729640099587910274659472486657794378413268333237033158500382510166676403596225028773263116161316,13574.220,13842.6375,13380.1040,13645.82,86,SUPERSEDING_BIG_OTC_REPAIR_EXACT_COMPONENT_OHLCV
2026-06-29,413.37551391749090235762383056606606991266400498898797787408858532038768681192418840038329466140085877059741882190269742346887329100920307965744847029244412085435034661094481565787230558693710380252144553102262909281201064517314010769286517117199741778299854832015343376402081675582683248527446106359796660734042364225452,419.75853328046553372421140692119478347634685566908221565689107340157248654518891179137017726843919828899580977724112440890178426614244501222923410516841465620948820325423629912956960628706823893370367338288197558275609043253168878888761036650195717292849675368778247936877412813532647567399198549619169910507755777289272,406.91609394768751829517271958444331294901116332775745081321013681414886859170686036072989926816460696714380550516159832405931511515696140843642276158298190303585246655105746309093838330082867543420435129539992521996902543920740501314972707531089330287560841199554830133877574963778361105773381503079194251883558558402839,414.33567922445300406473258598570410952903046576404639691550825419694270605918230073117736389299883441102508808279161646948632946626598285438954831316813967917741214881760648001731890643800060021730843973006169777024792184879614403866366100748396562279796490887257308544115084961137927517078747766675246744044854715284320,293739479,32.957866495012870609267425039427606335354768973487707327200765433769026849550068142195087547473661164322342203209445434603425991519252873654464486105038556423536051410988551018248451087559357133714750694243887671198888936507729640099587910274659472486657794378413268333237033158500382510166676403596225028773263116161316,13623.975,13834.3457,13411.086299,13655.62,86,SUPERSEDING_BIG_OTC_REPAIR_EXACT_COMPONENT_OHLCV
2026-06-30,415.06888809292319486113906646336418939408009523566234560047922270387751535322534969542570274531563268408353736986321478666161240117134178175251853604983293772937259913594995036796030428893269029403391651700704164629913147615235945727178264324664380491906553371147802237940603100147785620754996297824750132055186920503225,420.25971863487855303209645738798514967584570853943819498146589060817497692048388728449883694824755226683067281567889229647063688434094361608528799060436786311043100144825233236987102884115441877730523057069915907146076593404988268518909596954262472511227046942465560215091868055676366280996129616415079385361112735063249,408.78280158209429982963445237523239936215284361507447948181398904392609593246546092169866570548178211428600831965235391519021089809033035467406958526408153968422638539073468807272389899770974548528337174229459631956511150806686821758948180759598039791152904082197265566210670363884436057121584442021430576779822396894498,415.43238249574847463523174745332354204391641061203143582377540324238688904834787096965268803191837397567220786268828194328316793852562276457099084186910400073175150229397828783126005832995849664185887614298205124134456956512128312831974027928439564263240452937509067401587593265127648175483305712012695613667140259595961,337083063,32.957866495012870609267425039427606335354768973487707327200765433769026849550068142195087547473661164322342203209445434603425991519252873654464486105038556423536051410988551018248451087559357133714750694243887671198888936507729640099587910274659472486657794378413268333237033158500382510166676403596225028773263116161316,13679.785,13850.8637,13472.6090,13691.765,86,SUPERSEDING_BIG_OTC_REPAIR_EXACT_COMPONENT_OHLCV
2026-07-01,413.96126178448105478156867251190624544731259166184317710286427524492219926470718282433587821381036800549886154844592959864242334515147306073512859248284711511653104155800133107765731283295712380602261531174541192826479866889000738110300043932453098816848487443981606339964105873830022662524696720986154519213979245777315,419.61337521931725150657895323805083197283417483501816185578328898468745359904236304111731246796873296236063794880002225664859696678880430689518958444471059172620932924769845528498017635395133052426398438972075866577258061227039073789965787590449517764871161717024364275550619473400982250833944432742561457429272917125881,405.86722754108225965431581979808021643972493339285245230687445534242709103468685457663416938883130851460519903809118441154767706708332289656821781684086303867688987276565816236155203880366407997211251122641591152957066613680363633135156926168809080293455317754749534056812110164193201363763007479422913979567574681067809,411.60431310238858960197606322141855647909180882074543682359488424063103493773577609796257128031279342030621347810776459644188627155543410035625307361465210893749988986220489917872154451608384846573705073257729959588695475290488499344335551637951240540789875000436565890458884139131702472629764138586485218463961719719029,284298387,32.957866495012870609267425039427606335354768973487707327200765433769026849550068142195087547473661164322342203209445434603425991519252873654464486105038556423536051410988551018248451087559357133714750694243887671198888936507729640099587910274659472486657794378413268333237033158500382510166676403596225028773263116161316,13643.280,13829.5616,13376.5179,13565.60,86,SUPERSEDING_BIG_OTC_REPAIR_EXACT_COMPONENT_OHLCV
2026-07-02,414.50771705951304883260449760616066458116501569593393794773607920974305237398569769485574507622400495554159573674137696848835116048958662505572009730797832084882186341744126076998269944132247314249136859238207734967868900925166233629124136857070815076093318898086758830016153750928160559741542591479103510677680597322144,420.35925784505456411948280540598687357426415730602554367817252248418781926975091093159642024801624618011830156515818405890909056512929538505309101618622935303410414249167702050694107727728999799365627614033740985188820338344480152860017205738086812869916228118475538988605476175272303175578611206073091457980927677621415,405.42793939716703423116775340637474835422157996888987398860382914572102155572326000165434526700873018241648690160359490457214442352612088744919928231236500444079289781391072748728839888597737458434591333280610753215272742881274839296717662243359325699456102609612623089657878143834587967859272720581353603432530490341094,413.18269197008233366276915713608345838597704470377716248435175499298976779418598951075787800895007238428306147783731330157154562490849726615065452175475901189106838254005415751268949282469041695008072868597884530155037358637955963181188449545830648251363754317906641846158843112125475288222351166486966525874366769465105,318732954,32.957866495012870609267425039427606335354768973487707327200765433769026849550068142195087547473661164322342203209445434603425991519252873654464486105038556423536051410988551018248451087559357133714750694243887671198888936507729640099587910274659472486657794378413268333237033158500382510166676403596225028773263116161316,13661.290,13854.1443,13362.0399,13617.62,86,SUPERSEDING_BIG_OTC_REPAIR_EXACT_COMPONENT_OHLCV
2026-07-06,413.65617528862060502125966522025004420406516669444825204483062788977096783695618521061698530422851794815962266652973174723760356818174891363665288004438546749642086866534899942544515907279361256564233362948815638857230480746665059127773247045271171531390365365741066859767428023687583899119745201816615533475707426535555,418.51212675089797234591626225354526331212640360611658791283752826606558244797951787051517677680102222530283512718172113510034705717560251931590004811338510112030433639794829647337473921093488151431851843352728302692703732481214644442327266098300852413838290071886655383014816276264871856625599975307010505928654361071057,407.83630220827347575276370559648565293722931075700409368217834351583056098506404171126451585394105811640688139515478797829982889762690351438783284143187510379657956298226801229369998185673227013048832946881815643194787257284537437762097536995327092922066024468301808639910086225744255929620069333748240230068500049762928,413.90270216866696546904789836243867027083645738167687124886080041693195792651131754393036222022578614466696388140482946406148827110357971375352161834000962333067200290232564732939562232076540184314242116090374267420953445228695303838090624489782692522030402842224020399488527788704306345142086107980317845776567937766041,266901101,32.957866495012870609267425039427606335354768973487707327200765433769026849550068142195087547473661164322342203209445434603425991519252873654464486105038556423536051410988551018248451087559357133714750694243887671198888936507729640099587910274659472486657794378413268333237033158500382510166676403596225028773263116161316,13633.225,13793.2668,13441.4144,13641.35,86,SUPERSEDING_BIG_OTC_REPAIR_EXACT_COMPONENT_OHLCV
2026-07-07,414.74980493863008219934517154727825114103555071208052059920629921496882365122059422997050697156768541824598014918740061811576394562219110565786909450666096111402057415424933223228974258229520421994523993637497795602495138671724020007199050174809368278974975006021821731555140924783945323886889182565998356485167950734794,418.91915649604333574511920615253511328093349862055799987764226517472775094090838617687418658366643334100609287047099336338046851896837412743816152384110994858594111321007013272625449621744172747577044097107237012806776724835480383613786881895456202483229374067701104431470255644385050590456804109860450035252059298126675,405.35147813714034766766912601950516833105066888805096686316924025114308986025508357335284251890865438485359461095925690501569033720451921159756737825021449703127746910287304715277049220592025034196057962346173606309436712068016652565378410602001007154593676769327705551677511745783582583799351883621924034544840544244153,411.47096102388966601206476664789006274820444604285377142030717860901595168313949220812721232082873265431855013787686558531068956148264070140072838379197295018161881478878799240483099140380998292040495343321041814202276220519323519355707005744817122152318487224998212880331765961501027985657210241665381697688962192915670,264814804,32.957866495012870609267425039427606335354768973487707327200765433769026849550068142195087547473661164322342203209445434603425991519252873654464486105038556423536051410988551018248451087559357133714750694243887671198888936507729640099587910274659472486657794378413268333237033158500382510166676403596225028773263116161316,13669.2687,13806.681632,13359.5199,13561.205,86,SUPERSEDING_BIG_OTC_REPAIR_EXACT_COMPONENT_OHLCV
2026-07-08,408.53691187921482843654204112793435312890797718685285117049577142421992194037256339195446797905201454942502454053262568169596331255451290185596444616897530474505454639301668750489363652473940045259592440030010821150697324310754648071508650812476145847350602197703954492594145724698662363086573190135963412240466020281777,413.30081248011562365947556841270380562018512281397790273804891950354210433801837476289190586543959424139113278239223704453713124318230493444049698306981929972648249522738339939454590108991040750641875612849915771095708293037531592232491288856539700997153762420101206894892693570817995165943685042097174902115390022755822,401.48972634506791312880239962007481737586018281468589214872485730816860004522266225203673441783248091564848644390085082273487705070035831708009287321028908211190558785676516288937959448625685587100256963883683417407007929903749968710895487789955159379764737545422141172118615144654666518063199811489961729635843441480904,406.95747104957626928458924405511848483281203420547614068855230915943649558815195863987719593446890119937091414787746117101690876355809415723029033269467186696635389498306968361072402290063561900895644881234832667570014119178208985522965758111718947343475047889307484049337889892364838008428857131011881513348019415790274,288413758,32.957866495012870609267425039427606335354768973487707327200765433769026849550068142195087547473661164322342203209445434603425991519252873654464486105038556423536051410988551018248451087559357133714750694243887671198888936507729640099587910274659472486657794378413268333237033158500382510166676403596225028773263116161316,13464.505,13621.5130,13232.2448,13412.45,86,SUPERSEDING_BIG_OTC_REPAIR_EXACT_COMPONENT_OHLCV
2026-07-09,409.12660417628572262765149480404954668062490451070370830653594410918901023458843993324006556211748007547058472651385942033869552194353217573551446817210828550058325948786482929114311267731604506314554023979382887393094829148373039490422371684614222159795841065348531590549848243027739167113942727101302334979015531215921,414.39469700099185645943940349768824449056607653521296764950937279172188659126767770367309920860576196413603323935205370874714646757715246538121863721230196170211391881198719113583916372013523950672034730463620103982158347470741417674170343018786534135330918349102464422944138764576547720094571707899795689575242799474285,403.33121924052532276852409934517108399964647293928741607327825168019672773943572874627818814890476820977723489214540786555489874608161507638403868441466468571683301874836247625913604538643110899480550005935711957957959196755277474213837993856431870138247752587298381535309159962964713130513067747538955469801804858711079,408.13442830212990888701454418871809161804998691410360394077758821526108704339424580408961323558078222614257762172423537847518416372274852480362428450848860601996638692797112018847645420149115066787329275366898669602510331752722179913383238432691765196022995181508842671268688355848067057808256234370030365281830740781428,235420493,32.957866495012870609267425039427606335354768973487707327200765433769026849550068142195087547473661164322342203209445434603425991519252873654464486105038556423536051410988551018248451087559357133714750694243887671198888936507729640099587910274659472486657794378413268333237033158500382510166676403596225028773263116161316,13483.940,13657.5651,13292.936477,13451.24,86,SUPERSEDING_BIG_OTC_REPAIR_EXACT_COMPONENT_OHLCV
2026-07-10,408.63626837480538278455049432346221571494575418877092214059384806535134917260347961425962487260304395049025384001280108683094541722184384670343482530960622018861815271595919423385371781874297149853381815810272002332172774988185217827089937487787302328405923998465598440876570042020305400673460168083815408503958594661369,414.02727968137342466857673835559679894056813285849894962722288186846681476874858008402179987707139208165862947513537721234741390895763934828508981992244826136720785813599101134988710376519150840784203315061655271619313660554095379521461104615231948135352354651689925874919118157646561944153634455561330385408451810949862,404.23521804328467425516296204503107157001495427434509666716671343736168504729615428938893101986898472032741793076936863561385348402499529392777022809778073549684683433963564441646983132627959432048682308608919876601689452938197075139579776672956488169794737527562326907882798718023779917920208722219495642649669630266741,409.22079765637543421709175686275774908731096215360466803058885357953178039485440113694756533088261025917000040938961842394401826706818039753869880811046794191127830137672662579215000499077399512612459526256268915782436166514816323968097067139617676250761520545272621149859513801461475349240767861499079878506380046180720,222774631,32.604012494994302895555499482810213819352382893457086009597753775071024073775342478159964053758126674910850574111495497670814070113106637321369711118993428367038131773484873547765635547860865465987201363333756417777599418437483704199215527964055226631194734385273235518951481465634236029839724022351076362902610212214890,13323.182,13498.9506,13179.6901,13342.24,86,SUPERSEDING_BIG_OTC_REPAIR_EXACT_COMPONENT_OHLCV
2026-07-13,409.48349538418776974651330758419054598805122903464155718725834787216245483176169166280663816251050853988371797506872643592709461080487220979098320378101997499736205482826787100658917831095697330233648228397121240153555084141468882594756401449938486909163736730315424463032581656656641629820975314283325321105002614329206,414.55102291704485314684372660338791949788684788891895372200020915915143021568146133032984601967722212207219802721214923520469136706024050329354438965113236636362355584880133886709591497321579546319498510147884838078064149197323474770811496359542085883050999250828811983906663990463284964304727074974024222629793190345897,404.40200119615074759338695603370675901739912511447380604908584666146759064601354651606919561342720833630699217229299426872086720754763192401130462235082543433111492943815181291933921607565218297377381877240716763719284327263103549993750938667716860668277285776415879843645399164901828661377113543512546526331259260741956,408.05115634287591110973731007211680223270149601135811018008200421006642491891049871971046755690363758724733615169285437993063632096208089254852187537298962530441269275156312477023760726469252493913318346264681101541631962087226094240366922751891772337963493254876160175759190774193902310578779892815083014026718611431964,243984361,32.604012494994302895555499482810213819352382893457086009597753775071024073775342478159964053758126674910850574111495497670814070113106637321369711118993428367038131773484873547765635547860865465987201363333756417777599418437483704199215527964055226631194734385273235518951481465634236029839724022351076362902610212214890,13350.805,13516.026731,13185.1279,13304.105,86,SUPERSEDING_BIG_OTC_REPAIR_EXACT_COMPONENT_OHLCV
2026-07-14,409.70616736362939916199497229377631428920409973590575044790289294682663421435911480556634262924939254665331395018026457568157613509306632035158854091682940409309679505689477588187637801444012311652136153032604365027455626833539314128095523114557187382725975103251434420734043051388559059566621899141073843113238260612553,412.93872961394080569505038706435995853381239603403095934721439513301036065226050783856739943637216258129218213184596794625371153613880656628543416140719674222400796296681465547945839367033197286350131506604699674976843944146329372511330657754049666196168642438440244194458294224910561459035128800232944156419185339035021,402.55870046716142441969101011340440514260761323082687068111387497520829082304901022726541066211313258935851441633867875066238440752061018150692168068071374297786945381828289334635268641254469690090571856667484682871797800843097145731833507204768603217111855889809108265456042092848699834786536671576870342926367181251547,406.92782834741452304609874671280843253163759939513206635486072826522130509967763059249639371471195346218721871526584551374497711613355344085676285710866175469404287720425453096068008918332899836417861201578296623811771684580721842704980726027045836799220935475378917907352493706660514259225000860814089655345648854039124,240018946,32.604012494994302895555499482810213819352382893457086009597753775071024073775342478159964053758126674910850574111495497670814070113106637321369711118993428367038131773484873547765635547860865465987201363333756417777599418437483704199215527964055226631194734385273235518951481465634236029839724022351076362902610212214890,13358.065,13463.4595,13125.0289,13267.48,86,SUPERSEDING_BIG_OTC_REPAIR_EXACT_COMPONENT_OHLCV
2026-07-15,405.44779578984484984443652487244186925723928318445663305012208879167860866617368379444273819921817278082814794680754345674049971192875911508513606048490362783251672159373231405200553069094575161218291033755969450771050788260280817970481236390920488504661763943691793567431655530160000647550326208213061230932660756810906,411.16301872532276609475622413586396245588735538514654501071382619896007627081524722189854020590553568912581989246924149136009801091535140249212642379303315540220472523149464916730876981924441315964364126590018219459111076011700179171863521308768553991380027505872957523194657676160854879186738017605431332677564004261185,399.33735769482243497206027756744424217135492576225020749733181832460475127470052867988714998363128318415164598779911872052030263479231090053768617483556391024134117405927647405226661476034602909258055751984087901473698026274730310294833083235918662569885033884622171640098144863519813058496059093139007462537352226122601,406.36654773807818443682678194897653722707871043740000896232695762247275376337834085248226262086600617239608836477808408709111872846496498035275766846054707804776935844614539057256008043769240446073080564427056359706094429565287734452661154923825957064061421448478898664615237962015817048490944204087888737624260033523369,289763409,32.604012494994302895555499482810213819352382893457086009597753775071024073775342478159964053758126674910850574111495497670814070113106637321369711118993428367038131773484873547765635547860865465987201363333756417777599418437483704199215527964055226631194734385273235518951481465634236029839724022351076362902610212214890,13219.225,13405.5642,13020.0002,13249.180,86,SUPERSEDING_BIG_OTC_REPAIR_EXACT_COMPONENT_OHLCV
2026-07-16,405.78011685007213010845082750720244770668712809467667905275069015310924001747438348477350925942696179093125709148158143804074865348007911342179705605880103337690872026827398269163842775869439369180414885212783698179210655165698824355948510981107737436330808158486605851354941592450902435009142328034726568166562168913121,416.28081212653735965466254127640212363926871859938401690976412618319007217823061692641230647900887297562428355151832150820812002629312581084046566865301150589418216261342612625179042729309165570687458666165911254606829579313253756126131630866959514540840962978908410049844505107574568203015648745640892339872424368044992,401.27959103219838622324625898185676880540245689300427534209925069858261542500752338319309784512620524683511117864596556414242945751134351398205376877361870000935276236254194243595849153482976788761914039809215841624696854254622295987256936252497521024764048096936311043017371827062019773378269811320373389365457689994027,411.02701705986270092201121068472825807558817366840471501672621713972097100658473844784549867058686358680932643891007035922520517689349047617699747256333533577461423141306800707392144790166759146709405778118700400336749065360331315862768142110366102075317845499007898642392168363166352566547671707812667489885536615767973,279953052,32.604012494994302895555499482810213819352382893457086009597753775071024073775342478159964053758126674910850574111495497670814070113106637321369711118993428367038131773484873547765635547860865465987201363333756417777599418437483704199215527964055226631194734385273235518951481465634236029839724022351076362902610212214890,13230.060,13572.4248,13083.3248,13401.13,86,SUPERSEDING_BIG_OTC_REPAIR_EXACT_COMPONENT_OHLCV
2026-07-17,408.21122866528718713169306876623913346737323598241841660257565169555848445028459670622050855027970310120470824454507442832989790157641767808788816387323610057309583452197687360551671393794295413726656433212232968598173941042778517412685023107815498437388483386849797155831423842805240608835160781613160550384566525562562,417.23032715953377335224950767851730477798642812689598591293682954702666519840293450954659447918826293176383619580248097522178931402231496714008275226876747090048465407318256166902836997048519878733663684674039691888989775423472148675571420648002241897699312601321047440648577777266042971684429115473391687377854625839879,402.39883364092952290422061328616282110457743307157076124138142837842149988697290159820116719214301067358920792858745695371441139800995533819080002795991767035036281656020134840400270582608183825149655635743709769228496672049837878116941744181802899438335818847437800639398948893746540527054842844750331969117128990226112,408.76103829386441149834931140866812555641818917675201555440955183446069927293492828433489729280879879064710183267860510232973754405440219956301368363859695814474059393497493101521298180448439490436512026815143071492291893268308787956463393891040544650420840176822723926765126059195217619512941298717463854631783351856962,268666624,32.604012494994302895555499482810213819352382893457086009597753775071024073775342478159964053758126674910850574111495497670814070113106637321369711118993428367038131773484873547765635547860865465987201363333756417777599418437483704199215527964055226631194734385273235518951481465634236029839724022351076362902610212214890,13309.324,13603.3828,13119.8166,13327.25,86,SUPERSEDING_BIG_OTC_REPAIR_EXACT_COMPONENT_OHLCV
2026-07-20,411.06207409464256075973786946751841415936472066724011073255496576511231495070441539718080751431724160605693638375201086800473305323803673903798533762479954754547164299451711895717805365103907761554935105320178053683323987519411498877394622391555662281088687665140606761857679900529882232925075518906900618067478659096899,414.58059501342863501900564687630480663799074075271608815063965686990816398581087935706971950397352557302578405775310193722520633907007849604631412619395554011593835870713397994790863299952165602440369921819260973822741277453059244264634048737407426654390160956993026344584770032886350835743281471547094398910002442462409,402.65142525066664949529489010652006557346785547656542564882469986084530833124026775415124241746368274490477372101597931596620652105064715603127733567093124518754235556197226783932434721647383697676755030468029202498168295980775965260270033141188457820019592665694741564406447511410629145948824924833273609049969588930481,405.99144053304083901653191150844844544703744202466432251911996226942276562988433464918320123956896052462857338191112658720168222129628536986292250686675240616886634563676425467383200802534449357137909842300092611521421511041760662812150234077090102243941875058425810850057176610140018799746233688450815694360189881097859,240717451,32.604012494994302895555499482810213819352382893457086009597753775071024073775342478159964053758126674910850574111495497670814070113106637321369711118993428367038131773484873547765635547860865465987201363333756417777599418437483704199215527964055226631194734385273235518951481465634236029839724022351076362902610212214890,13402.273,13516.9909,13128.0521,13236.95,86,SUPERSEDING_BIG_OTC_REPAIR_EXACT_COMPONENT_OHLCV
2026-07-21,407.75732747744191526947362578591409419894880987938690199317088274790625432865108911810744155258428376013263512668341424510309733987655753453604265639763778911472415123775517040312367866920524251233313129372688984720418072877490265397066125216436900027145540907209219247516147490310967542812562614962544568725921884045953,412.77761447509688292376592635920099973409393462993442943011166851080499780146377729188465459287638328548492487877972692034044825141623305901616972119033628340308584307411808091886876365743369659003149178544485367856247169559830098823814402258432816530316882923624320831885013553524323298457038957338262479861613423820199,402.25849201884535434823997234791879906386321950851641288012368114727261757279231908107643169235552974386804535237287498869036441306705040820565376885078224270389539908580353454204050624755270675306745122531209900669537677592854667890089043465189945219411867715119447614219867355022683186468921226114936294219407398303138,408.41031459070807095206379681443764890026349544824567258809131864867765640241130106154464652460506068907543103716890281195887029471066946481638530483033513697260192251426574957597005075327866652588935275280938186273689295509486543384768678088318162940877950077372448682834423491211995857944994989428667048775381124951478,248406084,32.604012494994302895555499482810213819352382893457086009597753775071024073775342478159964053758126674910850574111495497670814070113106637321369711118993428367038131773484873547765635547860865465987201363333756417777599418437483704199215527964055226631194734385273235518951481465634236029839724022351076362902610212214890,13294.525,13458.2065,13115.2409,13315.815,86,SUPERSEDING_BIG_OTC_REPAIR_EXACT_COMPONENT_OHLCV
2026-07-22,410.18187568334560745870580144607318293257614168860652695927987560633647198627179151964389308091882656111563262428218696515705939152693555654924539752514954807034828554532498175180803210662038822742032646670806457706845916325127412380668175150522473913842658286050388168274755691296168776358259175376272366593591596055445,414.95092366551873445267075927802388151702379742230343281560857782590130926147999871110680265442788277337529586528639860485930562564866159931502775727456025207016981882676028502300457270774769650373651349758702041208791479687710394400640919354764432566478434102635975881690024338726251266542563642514627975947911056111600,404.81845300563538178118448267651055543517511387229270633738221484656266332602839657562722140535290627624054233070407758298895951288993214896886650494449215998702213368392262757452580224751859084813460385455361887200888151076028595492741888089898824596954079278186358344854487816195739998658191233430452774075825214200309,409.23444628321448725977623906603125692395187502716700494532533051592648560494473905685501278097886416867585030042606945317139351201421984370942461734262155016852375033013419778519413016213585253799930507128894145742904018045360901627135255817629921549125107688945551891582289438803551875276950830446700826216562333789592,250914649,32.604012494994302895555499482810213819352382893457086009597753775071024073775342478159964053758126674910850574111495497670814070113106637321369711118993428367038131773484873547765635547860865465987201363333756417777599418437483704199215527964055226631194734385273235518951481465634236029839724022351076362902610212214890,13373.575,13529.0651,13198.7059,13342.685,86,SUPERSEDING_BIG_OTC_REPAIR_EXACT_COMPONENT_OHLCV
2026-07-23,406.80023668977303842235167712715047163180344758834707407327928094971125189973199970077733440594697309467185793613857297085535684877282513508098900001706847300833261283082644221671405977536373952995826057779012901127477434914402802480937215221648813775151132181716780664453360890582523933882352803056271078312736745004296,414.14323473446943350716764491221662754102798726252090679543125199371135975137224646604898151714756630700203643705089802380137986635763200040429430168217844423763964310959250950023238102288178382519938634178997240688675707909900820440088530660356397994778152810288629746629575746091665072800758785684555968098751597585363,402.48401334083383326409329637589582327068786730181193445397950421607402867228275883677861226721563170163335695642213515229928000534510309078706905582404576215265958247796204264913347424285411150233231377359892403603157383829795832989992273577204728358900591143112654753977840629945863531666933649980684256155978285561953,409.39853651599860811002787903797118260042127699021981953822454761640215498468250955461870684393382690093719168704407620905107342316323341003163378451570425618259824898346118691505342690455336934539634062712123647253355336199471216262368864585319001558859008212281282097930681782411855239746529920833327032981089425443798,279650930,32.604012494994302895555499482810213819352382893457086009597753775071024073775342478159964053758126674910850574111495497670814070113106637321369711118993428367038131773484873547765635547860865465987201363333756417777599418437483704199215527964055226631194734385273235518951481465634236029839724022351076362902610212214890,13263.320,13502.7312,13122.5938,13348.035,86,SUPERSEDING_BIG_OTC_REPAIR_EXACT_COMPONENT_OHLCV
2026-07-24,410.81339304652785947864622518854852305939950363613128442989574104536339395427192134187837172694549621667843994212606717143044432060323262768462609885108841102918827195130679599177536586474647528334223209879679638439020907057361372314325255459165209062436189421977082294893376610745255312153583191750803793977032554499249,418.48768467055466229504968627397152143486408916150417824087030900726779018072292101025180228132516044817139956220743894842027342422094978022836921719284377459700477834295351245028095374607530891458350307617593458342174796146811618871812158823269930610487488817332096890917178180999403285907369984343058208253900203656716,407.28126337329574514063888653573414085691376884953259040716256720645893660070010247173567449322694739656859092733200234565224879615870165210112643038011993310200289174289905928573377417838088414427969296311767264412373285091038503483769280050902791355332320931125463208110032748394074891499318449691739356014146876238921,413.95257721951005929607713194145532548680946455546877481928543641614559227504964292059128524908389540302391488050980389372675065819230524695156222224641831019564153123504835439200100265404871985064118326933024489226083561008940873541213029066922442741100912463747347184942560965082015302706388378586422953362085534128135,257520527,32.604012494994302895555499482810213819352382893457086009597753775071024073775342478159964053758126674910850574111495497670814070113106637321369711118993428367038131773484873547765635547860865465987201363333756417777599418437483704199215527964055226631194734385273235518951481465634236029839724022351076362902610212214890,13394.165,13644.3777,13279.0034,13496.515,86,SUPERSEDING_BIG_OTC_REPAIR_EXACT_COMPONENT_OHLCV
2026-07-27,416.02839534190805913626984096965984320334201125816307232347590620309761164339586858202059631091415292067766909477273795689249577717646191399588305108272439300546621700274379818806613014232503003998501717650552598627958578193274558573756368844883335980583960874177033687928442374528943326620437027911860189755540725755246,421.02886576023558370993642479792424668623164430621930564668357342980619997859200095792769295231369143270022937586084611531230254094167432348521023869588480573201603340360865867076452044948114991425443978474907358072676398708360386144777827761415234176288886635355715676388582760387733258670139576739607948651957398358865,409.81741747434987825508520565942500558148256979205251102572794720231174598523478604846138395731485812094459198336546721211648734513413211619531136169630708470136801403172611325978819424408845269297704302910695472144138468798517616474163292014870672619683543527722818192496192126854727479885761257044846795518905543217501,415.97978169350379155727005604339352877395808562985677117772912880043332454678196835044013741562749573738155206714852474043094574742483826864621921370527839505550208983161795187576174278094938336413944467934528658751606055413838656054681817795548767260545162445809431982547770891711835592599285052292801640971025692675930,255086336,32.604012494994302895555499482810213819352382893457086009597753775071024073775342478159964053758126674910850574111495497670814070113106637321369711118993428367038131773484873547765635547860865465987201363333756417777599418437483704199215527964055226631194734385273235518951481465634236029839724022351076362902610212214890,13564.195,13727.2304,13361.6922,13562.61,86,SUPERSEDING_BIG_OTC_REPAIR_EXACT_COMPONENT_OHLCV
2026-07-28,419.35838425099306564704943038900370687062414967509898506472093420604039673264997712645088193878018260373301408290425412373599626939320058860683099297968934153893956154299885179892048865262018772007661391846413838569500400841911572563408430215210293484052011283054217494673638575989279306502499366745786035760317838332891,426.92689748346362996095796513139373035393776819296224392840749844156713154660758933824722313160487945746468133398222745218791133982012933226608159249031804407846819298967470468526522192243297638382283379329391362827156420832846690378134276342218670486037501713762372201815785162000187198150797492202311651154442825277293,413.62363304426026159385959670125747335829232640340426430949388249448362843752635043246682871529217955120528679876411031314096017612089298574613024149602677491894104700942842435109668953882002103798396568885060573210201783561557151479407826640613137902131078374495519572154855866007592668643597561428472871394493114225841,421.50885576153995336565568926612444497903081308397469391827901042711536549731054547789081568270995026911090006072386640069821632365524492302091950647006707041198991641764717251873926946798600342054315020727058184467309843639367241621570250151768769260744472874571270569299744822629445232118831844746072813572453283617885,313203669,32.604012494994302895555499482810213819352382893457086009597753775071024073775342478159964053758126674910850574111495497670814070113106637321369711118993428367038131773484873547765635547860865465987201363333756417777599418437483704199215527964055226631194734385273235518951481465634236029839724022351076362902610212214890,13672.766,13919.5299,13485.7901,13742.88,86,SUPERSEDING_BIG_OTC_REPAIR_EXACT_COMPONENT_OHLCV
2026-07-29,420.07528987736615737672827762341937467656729013947216044685669131006250814984449069929734642990341604370994746062561672409705014662629275668446035251307909301052410949119792542908049589187389655921035585111276058676473148709055645422121633602609220409209851240582674455764060004749398276511319038056009276440622692772007,425.08872189053005007587455174180374312971411370520804226482308921838997833174663836723340327896739703249019799778564444420559573851329453685187456705097684247755016572961343742697073842938812002717251925118313235646258523418602863797707319187029062477548131555876803095311330527184647806797102490770380532078919324264415,409.82583975059707817760466366620906232741873760122153960277656870059036632386581254915033917034054648847337036556458957756780699066712634522560643408990119892033340792522211161774359671758444072628185993987738620119899717122761630303042745978225391512365516245847285643020135449830419366433104776724713042844593326253708,414.77931595309809247711132922064050242311464771698066591304214612517767977613966231633341113075698333724904704430202297872427813576644743016934691405023968227216080435662386691450338644776773237800433759389897378982174410334554478581915368091309628838273167038841651916016053394043526404471986015985780099121878741250532,369567467,32.604012494994302895555499482810213819352382893457086009597753775071024073775342478159964053758126674910850574111495497670814070113106637321369711118993428367038131773484873547765635547860865465987201363333756417777599418437483704199215527964055226631194734385273235518951481465634236029839724022351076362902610212214890,13696.140,13859.5980,13361.9668,13523.47,86,SUPERSEDING_BIG_OTC_REPAIR_EXACT_COMPONENT_OHLCV
2026-07-30,415.20257674046647896934920428844816117737217053756549607790367808528314471826699556290144441464081244102596501352230208734849921499194036759859672844062124171033427751847666130554414824599176138621898450306186199256052908524712559416848383208830775593662489917994727826551670397130412952128827429428868966535907459594326,420.22362744780300262535576015805306748809562951407190483883758356889251326912743522927572586281470235367420007412829483141228078630500102063973743963754585924724745627380552360247395484674277624832444347445857080323491577490029425379764458418836527629906778223782453827974953134985231898582251702619378037200486238175592,406.06779309855351012767516992828905310666415777173416862146824470866092102314026098135758254804000430513163567122829780553567758032700581322787717990613036660838729086061326527941667578592340248567741803450997924394370802270578418240967520989856467274086108835836183103910390565983058243544411836665637154214243697869510,413.64080577722022968059901599476946670151760082566842709277692392524182045354787897484026652946946621172736624593559105755535882700917947093936480461756116876889998379372707504526674201486167085505713893063079772254834746346233579325996873651639095864319962664277071340022209532680074567310692577939982746254042463526163,313794988,32.604012494994302895555499482810213819352382893457086009597753775071024073775342478159964053758126674910850574111495497670814070113106637321369711118993428367038131773484873547765635547860865465987201363333756417777599418437483704199215527964055226631194734385273235518951481465634236029839724022351076362902610212214890,13537.27,13700.9764,13239.4394,13486.350,86,SUPERSEDING_BIG_OTC_REPAIR_EXACT_COMPONENT_OHLCV
2026-07-31,413.45831290150704854807616406335964281834135004432931553618807500041373955458718094461709275851955438799746320848191999260506060806775316820718825421011404712707881239423257311579541525324485892189347839575198802807201559626346905994195450225572264503854042749870392607593393208946745800102613886946412053047712561494964,417.44371807272484669870572448987708775022347807413779007156057030494244503813892786676923467986169428006945424500923241510165567174720225430459453912671244638129248901349231758904332899741101167530516592749605530647824344836915492429183355752228882766773157389374120659976783367240718283660577540970167384985548081506622,406.78666474061285646417665830704142170435714658486093006255817747925134840430509064558846812130069813971379371864727054291577584677592074197863805488172471648286944168052790152700238327552068908430868023184319356663218858330752070503592862701522102584130258737858990249149356427116293670855015699862443839163139367482360,412.82986264547963990851427564746261905930246289985227422618714819877888617312420571112586073049204291434608283244398383784344539695685821980680211675656925343952993811261201100909608781973791811129531160074680590022310501084284965673186214544711615056096457010317028046630507128040928355220583333626433700798138072922752,271985624,32.604012494994302895555499482810213819352382893457086009597753775071024073775342478159964053758126674910850574111495497670814070113106637321369711118993428367038131773484873547765635547860865465987201363333756417777599418437483704199215527964055226631194734385273235518951481465634236029839724022351076362902610212214890,13480.400,13610.3402,13262.8775,13459.91,86,SUPERSEDING_BIG_OTC_REPAIR_EXACT_COMPONENT_OHLCV
2026-08-03,415.10212898114535826195217234300830013243062073775279181776443771069289850917518278156011767516838198342673266937763440033804095162502084802752476161971547307555035544564565394100346787345481227020988973523550395627014949738067103657833950889529793524492607018463656980333553982417588581470222989198517885621492101177092,423.72624234888405911398045336320431128339136327094242624797320290017309461445221549194216089152735198925038762792376004949271631476846736914438441996446620857679846450948493103007379906463910360644558478140428149607057428156752944726025428497455450999485850575868641923727001706217538232984119497928726954917176655116606,410.05485450763492370370913943115878887714990219518840988357280687738134354342207138143107764310168961543579725633082001584862829170777204560218052931382156326909816802702808590462971215253233597694634373393368500951874738406314319368853337304683935530028268690664606234962479031976937121921427842966813750288227510726571,417.65012825003149651142039489794462266938306336964299224862471072415387677491635738001224557796904160634466457466565519374073415138283431012425869861108852020064175275875586365374254118953492159505841291071487592100588518823384094515990014742967229382345544782466839621874304836055543224782963785031370863546179686788197,253250986,32.604012494994302895555499482810213819352382893457086009597753775071024073775342478159964053758126674910850574111495497670814070113106637321369711118993428367038131773484873547765635547860865465987201363333756417777599418437483704199215527964055226631194734385273235518951481465634236029839724022351076362902610212214890,13533.995,13815.1757,13369.4336,13617.07,86,SUPERSEDING_BIG_OTC_REPAIR_EXACT_COMPONENT_OHLCV
2026-08-04,415.21346497086617296969300469780118428300705608838488844808671024802498820047389435293996990853782398681153065693340347021528171376911790330782743018762018762341772555995910637864706772519638717730232935841291958063965221084102319424503511721839143761273726204931661959184284679783547296343046281627392146625609924318766,424.24242421461558065816643468502864271604733472466086521482491581870866945430918415907559371431367737221589622609692014271751276947378301695302954143289849065800747059098622005061601280300540487483465342719319673096489117212719932907913351110244143785951026258328199606558353549351589050783098157828450650965551873794707,409.56501295814919711021401949398903841102700035004375730408218697676885372474618632242464677569213469872562323438710743700691017488932982784166872238150954808973723286954123020459800705720625220106305840800345867702960955017732609665615615563143784060116135427912987643200716219868282502741474806960735626968594404505579,420.36911874280015321699196190962208271031997627144336863376781277222267874010390030090037243422276987082464848563505685892458912771181611469693957148843092920021265100500587979619542250523228339946645600916898590561056606774977534520592617860985402006456890341457358167043607025848685758592221021478454230651070417944880,287379624,32.604012494994302895555499482810213819352382893457086009597753775071024073775342478159964053758126674910850574111495497670814070113106637321369711118993428367038131773484873547765635547860865465987201363333756417777599418437483704199215527964055226631194734385273235518951481465634236029839724022351076362902610212214890,13537.625,13832.0053,13353.4628,13705.72,86,SUPERSEDING_BIG_OTC_REPAIR_EXACT_COMPONENT_OHLCV
2026-08-05,423.25557328622325849123155775247561643228921341964904738848656442189842553022008376716976463323053486766854341920900373665107070495175382060032363179848952041227827124138026241510240752042822288112764738424729555273988338289870510734341458837252948911221676359794269440782609881647727656875680157672172187167741357614520,430.14214898099310045515692651876935701877048870268614281720828695831002288209328187238139602674040071339545585609518259602761845266913999748361789448489325524221232406969967724268017471856886995336284823902273020927452476855211883044969720298581062945075121553993217516369999787976078225576845406223712526665299113144559,416.52388650277300723642222297838685241892391569052161807081924307378629179847319239349208744867815720846869154352299947861889371448717484183425484466798628378254538069330408031757892007297654946686221758491720272225754152451937333965833085537346348498165208746603320091539904066081520465589528904773692320123460286337053,422.35445720413027333601787880376626757721051628423003939981759275610867480560406559440390826507786102209130791662264140249312756671661016105892076608911196850694952910404438566084138918491942197683137036360759749694251229218817857662812113721397746347701421767173166303710762114456590314473211338285791134770001777130858,232993793,32.604012494994302895555499482810213819352382893457086009597753775071024073775342478159964053758126674910850574111495497670814070113106637321369711118993428367038131773484873547765635547860865465987201363333756417777599418437483704199215527964055226631194734385273235518951481465634236029839724022351076362902610212214890,13799.83,14024.36,13580.35,13770.45,86,JCI_GAS_REBASE_ACCEPTED_FROZEN_OHLCV
2026-08-06,427.84044100703976725911257406995869634277471740084628096972412025608633386644434682820577203796037425093599805952008962167450068396464901268175813074085911969056428185282519504181147378312366147527480314033594593458160484225254793249073805560101510303585629273980720727706376049815562744933771444499160303885914639536890,432.99471235627535067598158087714365021859198902193617687539236876526046230493111764067013027528053824528888553516358102314762803932217338576008347850164819651959052235492449433747008538672604529992571060201118973151414370636292771028749571946229748338118353502443565965118028754130499463823522424443369866192631640874731,419.66859283227886124037145305331983227261336498731759605903759470133654883685648680223529763900954487965268850893953994395371109415721108005552620787743024399777990071924656807280950103623631764031586595572303543644424981305502884050021294949060388006253215097479729486192319451793358386491902148704746890667536162662703,423.94383140724233651678119252494409390628451460372481032345033345679463033792077836572453400850253779875511386774897096480705140229518650267582735553129794784760937716217666377750340507335855971578984487272607461049457081306006034364767542523071673293832399609768250098283522034166739542542076309315525308997567323507483,297931400,32.604012494994302895555499482810213819352382893457086009597753775071024073775342478159964053758126674910850574111495497670814070113106637321369711118993428367038131773484873547765635547860865465987201363333756417777599418437483704199215527964055226631194734385273235518951481465634236029839724022351076362902610212214890,13949.315084457397503,14117.365011930465609,13682.8800444602965354,13822.269976377487321,86,JCI_GAS_REBASE_ACCEPTED_FROZEN_OHLCV
2026-08-07,424.26097097180062573348463410507826754778525896307889916985124933641781473233985571473931834603682249077295168644721755291503466021768631337032894646930909847620874882511556176377543733279405866915370570922200859152446812341831491983312042889822981337344958496249485391622175851860535229773816407854570248252947116183163,429.95934819823071883268135416857934987760005299341064407861247523618553977341658188305013337194032344813697986129989305966826885678954900154811781311066392951616751617099327354883493388945810798510979888331357361493996414915417407424077150933382332050123029677117508019852131326526182364040001080541934288026706201531004,418.92052192053222296396761151053130964052080057009641723118094097128571996961324381517134547851657268537958966805215690841275782034438420528738328336387933275313485715241242130792545144971182710368668938986794495961996841617844452647516208064532358715766455891404559524577246107128577670882851266309877502017356064377954,425.09982810293702631339399651991830253945284637860531938051918819060767345074465688679666934427528938068717865823515206496503402356782347744543778690166609824977048273637126778559052052731948321299914862255863621173961562458115307728682845358817705436976698674307810894261599119349970794533372319277666672154008217800845,250425500,32.604012494994302895555499482810213819352382893457086009597753775071024073775342478159964053758126674910850574111495497670814070113106637321369711118993428367038131773484873547765635547860865465987201363333756417777599418437483704199215527964055226631194734385273235518951481465634236029839724022351076362902610212214890,13832.609998703002835,14018.3999609947205704,13658.4899311065673606,13859.960107088089114,86,JCI_GAS_REBASE_ACCEPTED_FROZEN_OHLCV
2026-08-10,424.60044072219722145271507247451195502966695918833888651295927065415518722630430916563658450182067302733023858694244332787757379961844818710045867457452119625805321115600824369580180290113213996461880087750672903580610544431817872448778272736023564129199317786385121945986950051795080476013534214511976925628423168590956,429.93944722450992728644804512505183052396925296701061236488830978070540650909102075302886262948227020163276878857352598092727124216569195220716166435768390892481052325703013733179190824765262401896079214021540408897148002915706923912642177205878274809671235262124073508816246065554355225073472549088958395095918208689699,418.07390631350263260649885696960971258822481771027395417229661585629754568421814863083049642504274031927999858945583752517777553550523373437371283341582672677772684268584104958898237845534151519357000054819636236088021613671114332471959090631913772759075772902531995542159512594711129278525671650062839368298143170089640,423.74299591457037500990000506313503102302479833855565895268673794615787306502802629556337921660361155427246553199130859624810436356917176551742323279819540180360470304842600023607057666226569876651185533210284623190373801879962656366144017165073601656337213085916862558851166144445228333469801320708510808456842859401023,250131000,34.742780671822254470035109586734603950651205273959262183171050410031797439187210494407655932395575762840884736246341241271391689364658894316945081694107068529249495548807675352421485698211987411474345727478646292125575950671742758686036175277659419199418150845777429829246135833493240170568268072899636767188373341170598,14751.7999851703645165,14937.2919170856477315,14525.0500316619872687,14722.0099682807921647,90,JCI_GAS_REBASE_ACCEPTED_FROZEN_OHLCV
2026-08-11,423.70802701793653426868345614570663650224704425417976168499821990194092597976887783506290756124467019087463342284147645263907067055702877845933947162032892607732355117221204481377929383290012604623710336433407142365043945794798963725696225074960954750149361633758578435716619620509325808191248334118965725602644229772474,430.83353330741850313702988820646996225813700080886413376878480610274477809650955490597509910125138654983496182576367155131101070207263650547031942094136234183515737762847220386900951708371611993811001379848940918162141801771494812742198969310347381063756851731402926646508854084588133932247925864275387569784305764627805,420.49253749865193864250001514395122798439989725569560254705938477852222096810485950113195745745002702254028190796791296642230097001571068985914177909739102023458576903481732692709765997977939774035717032257822861935985689644050527866923055372841583828606026360053810719782580692319135400003171919922849574483599743822866,425.39369741911809738725927911348959570759320033532269315604123087920934577824691062985718356645316790101584468709602476355489623703177420967015403612359236849800855173720705962884358686144924000873545242385307509564427470326020939685406719711447432318227297855858259907062926530687564881578237730643478646272601506454315,234582700,34.742780671822254470035109586734603950651205273959262183171050410031797439187210494407655932395575762840884736246341241271391689364658894316945081694107068529249495548807675352421485698211987411474345727478646292125575950671742758686036175277659419199418150845777429829246135833493240170568268072899636767188373341170598,14720.7950515747070123,14968.3549537658690703,14609.080004453659131,14779.359928607940689,90,JCI_GAS_REBASE_ACCEPTED_FROZEN_OHLCV
2026-08-12,425.92100103784187141394299054344373284415402019183707106583672062211017132347437357835880305909756396399638697252420914428546252727612691529163052105412706814202150875558554114219788156899559080788040967815142608749471604075154688040353954827386923708150703754262824006271040340578952122468959007842077949139900605595715,430.34393856002004472276136072380081321656812615843685866172257942774210939359313022085363194725033716376075275791500127932043343669315993491368452879258773677522716011877215323744419337633252738794816685025968682649222152049273989502906819491662424663186697526347400027755917455907665150345639686672031800535253679202830,420.02740394644029410445449370849898286818821069057545562954324797602468209844687992161474755656999034520949344197165824164645218714621366181868279453592731866409124566871321337779611389633537566182706002552938787623715425330967235553924570382802226287362170190428254755539446192908273804070369867706393124286990252251647,426.19789721566932540173049959004368574638584557135436485280344648402179451393217262693530076337012891438195663121596041794882468930008668911282785544223113603439871055856135844132068759080239679017690228553606868992352702753467241601323482285514241376792348143809714817608591568537007938197967994895862373428343598815240,241713900,34.742780671822254470035109586734603950651205273959262183171050410031797439187210494407655932395575762840884736246341241271391689364658894316945081694107068529249495548807675352421485698211987411474345727478646292125575950671742758686036175277659419199418150845777429829246135833493240170568268072899636767188373341170598,14797.6799225807189567,14951.3450708389282103,14592.9199714660643797,14807.300065755844083,90,JCI_GAS_REBASE_ACCEPTED_FROZEN_OHLCV
2026-08-13,428.12880074557783181292495083360955596039029373068429598393508651521477219232525459602967162282107695624244040379084098466962958188003612179604978132654841394131513273524119086761250577926099232229868654146159577432665230657801826389444430707011423910917566611427481126988101892562419549690540737960559782970602545625919,431.69760026153496897172761645248170345062743349091403727878082866591156043629961052636630840846659424282516996173519192337311534611473930679529016374711693127323841023463028737990585411322209509211183465335269434269091220958803644975345511741512296380956204116021011512494591186999392811005918491343973525129384108614761,421.32220703555066085919051771646108168979128142962235650604409235493005725199668783410844525559668316937290129528727464894952255172592938317092384183053472047225531932247243364712938780808450812317913595429616129794574049605689292445770523295734621551063043787910647622477502271969463605781948530285020085060790135495518,425.04456187724249443489003651850675905719432777811786740931063721540297097059631846549244283773981414565479874027146762257479841895096762245717921595101792966218949508350528619739148276384893908286284732337707477432499761204717042224782643087403614604914026206753084302067100782769031708712262547946346269639145575742107,224181900,34.742780671822254470035109586734603950651205273959262183171050410031797439187210494407655932395575762840884736246341241271391689364658894316945081694107068529249495548807675352421485698211987411474345727478646292125575950671742758686036175277659419199418150845777429829246135833493240170568268072899636767188373341170598,14874.385023593902704,14998.3750424385069463,14637.905031204223778,14767.2299890518188014,90,JCI_GAS_REBASE_ACCEPTED_FROZEN_OHLCV
